method,sf,epsilon,theta,n_wdr,seed,obj,solve_time,total_duration,satisfied_rate,status
EIFICA,1.0,0.03,0.06,50,0,66592.38342868332,4.840519189834595,6.565209150314331,0.9756,2
EIFICA,1.0,0.03,0.06,50,100,53857.141430373085,4.953224420547485,6.625817537307739,0.9388,2
EIFICA,1.0,0.03,0.06,50,200,62000.5965422714,4.10154128074646,5.258048057556152,0.9812,2
EIFICA,1.0,0.03,0.06,50,300,57687.074502243755,4.123407363891602,5.392111539840698,0.9674,2
ExactLHS,1.0,0.03,0.06,50,100,53965.52053819097,65.95004725456238,67.67085075378418,0.6708,2
EIFICA,1.0,0.03,0.06,50,400,58897.48534898831,4.123111724853516,5.340416193008423,0.9158,2
ExactLHS,1.0,0.03,0.06,50,0,66604.5818773439,108.62548065185547,110.32985806465149,0.7306,2
EIFICA,1.0,0.03,0.06,50,500,58565.056947132674,4.08628511428833,5.234547138214111,0.9272,2
ExactLHS,1.0,0.03,0.06,50,300,57740.51638558293,164.05902409553528,165.21845245361328,0.6206,2
ExactLHS,1.0,0.03,0.06,50,400,58913.729938227414,111.46732974052429,112.69725155830383,0.6852,2
EIFICA,1.0,0.03,0.06,50,600,53789.530180645655,4.386731863021851,6.130834341049194,0.8952,2
EIFICA,1.0,0.03,0.06,50,700,65471.579234650926,4.252228498458862,5.424214124679565,0.9982,2
ExactLHS,1.0,0.03,0.06,50,500,58612.440218830576,100.86279249191284,102.11071014404297,0.7264,2
EIFICA,1.0,0.03,0.06,50,800,56022.673600469134,4.530634164810181,6.303943395614624,0.931,2
ExactLHS,1.0,0.03,0.06,50,200,62024.84090746376,226.31498527526855,227.50053596496582,0.749,2
EIFICA,1.0,0.03,0.06,50,900,53767.98549461965,4.291036605834961,5.978667736053467,0.9312,2
ExactLHS,1.0,0.03,0.06,50,600,53827.72529883918,86.16150975227356,87.86750769615173,0.6678,2
EIFICA,1.0,0.03,0.06,80,0,66592.3834392481,5.23285436630249,6.450596570968628,0.9756,2
ExactLHS,1.0,0.03,0.06,50,900,53804.373618333884,92.13771843910217,93.28397130966187,0.744,2
EIFICA,1.0,0.03,0.06,80,100,53861.297900528145,5.17357063293457,6.872874975204468,0.9622,2
ExactLHS,1.0,0.03,0.06,50,700,65471.579233437194,181.0272421836853,182.35119676589966,0.6866,2
EIFICA,1.0,0.03,0.06,80,200,62000.59655307547,5.259090900421143,6.982905626296997,0.9812,2
ExactLHS,1.0,0.03,0.06,50,800,56053.99561281067,248.96146368980408,250.16889214515686,0.6212,2
EIFICA,1.0,0.03,0.06,80,300,57687.074502703595,5.2869648933410645,7.026686429977417,0.9674,2
ExactLHS,1.0,0.03,0.06,80,0,66616.00295288213,260.3923451900482,261.7073185443878,0.6636,2
EIFICA,1.0,0.03,0.06,80,400,58897.83418930552,5.274176120758057,6.413874626159668,0.9218,2
ExactLHS,1.0,0.03,0.06,80,100,54016.72705362881,209.1330943107605,210.28650736808777,0.7326,2
ExactLHS,1.0,0.03,0.06,80,200,62034.333973862,171.96713876724243,173.14685320854187,0.7426,2
EIFICA,1.0,0.03,0.06,80,500,58569.81553949934,5.172982931137085,6.871518611907959,0.9304,2
EIFICA,1.0,0.03,0.06,80,600,53805.65487873931,5.03672194480896,6.1791558265686035,0.9292,2
ExactLHS,1.0,0.03,0.06,80,300,57765.17575884985,173.3087260723114,174.48979711532593,0.7418,2
EIFICA,1.0,0.03,0.06,80,700,65471.57923386633,5.196615695953369,6.881508111953735,0.999,2
ExactLHS,1.0,0.03,0.06,80,500,58644.995895028944,116.89311146736145,118.60251784324646,0.6864,2
EIFICA,1.0,0.03,0.06,80,800,56024.28474104292,4.996297597885132,6.134351015090942,0.9518,2
ExactLHS,1.0,0.03,0.06,80,600,53885.807619537074,207.80059099197388,209.08860158920288,0.6946,2
EIFICA,1.0,0.03,0.06,80,900,53770.81880999869,5.2214648723602295,6.946636199951172,0.9534,2
ExactLHS,1.0,0.03,0.06,80,400,58920.056614552246,298.2210352420807,299.3911271095276,0.6858,2
EIFICA,1.0,0.03,0.06,100,0,66592.45928311635,5.482680320739746,6.5913026332855225,0.9774,2
ExactLHS,1.0,0.03,0.06,80,800,56089.858201989126,223.40107226371765,224.64683508872986,0.6776,2
EIFICA,1.0,0.03,0.06,100,100,53875.935218783525,5.275738000869751,6.413525581359863,0.9732,2
ExactLHS,1.0,0.03,0.06,80,700,65471.5792334371,257.76020336151123,258.9131500720978,0.6808,2
EIFICA,1.0,0.03,0.06,100,200,62000.5965451929,5.485483884811401,7.21034836769104,0.9812,2
ExactLHS,1.0,0.03,0.06,80,900,53833.83195356439,239.68246746063232,240.85979533195496,0.6114,2
EIFICA,1.0,0.03,0.06,100,300,57687.074502303236,5.5582239627838135,7.2882091999053955,0.9674,2
ExactLHS,1.0,0.03,0.06,100,100,54034.4630790674,142.15233993530273,143.28259539604187,0.6826,2
EIFICA,1.0,0.03,0.06,100,400,58897.94592320396,5.647835731506348,7.403192520141602,0.9344,2
ExactLHS,1.0,0.03,0.06,100,200,62039.254469600855,149.5464632511139,150.7036430835724,0.7402,2
EIFICA,1.0,0.03,0.06,100,500,58595.86702465099,5.5057830810546875,7.2423436641693115,0.952,2
ExactLHS,1.0,0.03,0.06,100,0,66618.69865936195,296.77669072151184,297.890095949173,0.7462,2
EIFICA,1.0,0.03,0.06,100,600,53840.78082872845,5.49169921875,7.175469160079956,0.9588,2
ExactLHS,1.0,0.03,0.06,100,300,57774.09020350465,179.7508487701416,180.9302704334259,0.7408,2
EIFICA,1.0,0.03,0.06,100,700,65471.57923353686,5.720137357711792,7.507331848144531,0.9992,2
ExactLHS,1.0,0.03,0.06,100,600,53905.77428926087,237.9713168144226,239.11796355247498,0.727,2
EIFICA,1.0,0.03,0.06,100,800,56034.13630117556,5.428563594818115,7.109160423278809,0.9744,2
ExactLHS,1.0,0.03,0.06,100,400,59718.02739699332,416.89400482177734,418.0780248641968,0.7514,2
EIFICA,1.0,0.03,0.06,100,900,53771.14911862037,5.677648544311523,7.494516372680664,0.9548,2
ExactLHS,1.0,0.03,0.06,100,700,65471.50472670265,350.16228890419006,351.3679220676422,0.6846,2
EIFICA,1.0,0.03,0.06,150,0,66594.1935984908,6.372408866882324,8.144336223602295,0.9784,2
ExactLHS,1.0,0.03,0.06,100,800,56852.68692255589,301.61729764938354,302.7793095111847,0.6858,2
EIFICA,1.0,0.03,0.06,150,100,53893.12948532727,6.112720966339111,7.807738780975342,0.9846,2
ExactLHS,1.0,0.03,0.06,100,900,54401.85820793961,515.349408864975,516.5655975341797,0.7662,2
EIFICA,1.0,0.03,0.06,150,200,62000.59654595097,6.371474981307983,8.160895109176636,0.9812,2
ExactLHS,1.0,0.03,0.06,150,100,54058.5619570488,728.8705041408539,730.0282881259918,0.6228,2
EIFICA,1.0,0.03,0.06,150,300,57706.183198391955,6.070110321044922,7.753091096878052,0.978,2
ExactLHS,1.0,0.03,0.06,150,200,62045.59303335619,530.34144282341,531.5531413555145,0.6196,2
EIFICA,1.0,0.03,0.06,150,400,58906.16125644373,6.268481969833374,8.031797885894775,0.96,2
ExactLHS,1.0,0.03,0.06,150,0,66626.70726079102,1274.0220651626587,1275.2347061634064,0.627,2
ExactLHS,1.0,0.03,0.06,150,400,58923.757829951275,301.3185017108917,302.54073905944824,0.8456,2
EIFICA,1.0,0.03,0.06,150,500,58609.847565277494,6.370060205459595,8.182960748672485,0.9884,2
EIFICA,1.0,0.03,0.06,150,600,53842.97700009441,6.336775779724121,7.544943332672119,0.9622,2
ExactLHS,1.0,0.03,0.06,150,600,53938.51578576693,1170.5567705631256,1171.9026567935944,0.6854,2
EIFICA,1.0,0.03,0.06,150,700,65471.579233490644,6.4713356494903564,8.30782961845398,0.9994,2
ExactLHS,1.0,0.03,0.06,150,500,58701.89304478076,1286.643158197403,1288.4266867637634,0.7484,2
EIFICA,1.0,0.03,0.06,150,800,56037.80647010935,6.046359300613403,7.206963300704956,0.9846,2
ExactLHS,1.0,0.03,0.06,150,700,65471.57923343595,380.61081862449646,381.8248782157898,0.7536,2
EIFICA,1.0,0.03,0.06,150,900,53804.98262174528,6.313697099685669,8.05279016494751,0.9904,2
ExactLHS,1.0,0.03,0.06,150,800,56134.58739551842,720.8130948543549,722.0934383869171,0.7532,2
EIFICA,1.0,0.03,0.06,200,0,66633.99582600711,6.821514844894409,7.945008277893066,0.9996,2
ExactLHS,1.0,0.03,0.06,150,900,53865.38835235026,1109.5407893657684,1110.7449197769165,0.6848,2
EIFICA,1.0,0.03,0.06,200,100,53923.6867625304,7.133497476577759,8.904912233352661,0.9946,2
ExactLHS,1.0,0.03,0.06,200,0,66640.7775542652,1569.5470745563507,1570.7943308353424,0.6858,2
EIFICA,1.0,0.03,0.06,200,200,62000.59653894506,6.932911157608032,8.683624267578125,0.9812,2
ExactLHS,1.0,0.03,0.06,200,100,54074.10719579698,1210.649740934372,1211.8590304851532,0.6468,2
EIFICA,1.0,0.03,0.06,200,300,57706.9235657599,7.257591485977173,9.17793583869934,0.9804,2
ExactLHS,1.0,0.03,0.06,200,200,62052.25242715641,1193.049152135849,1194.232600927353,0.6856,2
EIFICA,1.0,0.03,0.06,200,400,58911.20348960581,7.163651704788208,8.913307905197144,0.969,2
ExactLHS,1.0,0.03,0.06,100,500,58674.551938901044,7205.49875330925,7206.705051898956,0.746,9
EIFICA,1.0,0.03,0.06,200,500,58609.847563159885,6.965237617492676,8.703579187393188,0.9884,2
ExactLHS,1.0,0.03,0.06,200,400,58925.87533170247,1121.1060247421265,1122.2915017604828,0.7486,2
EIFICA,1.0,0.03,0.06,200,600,53863.189588918365,6.998605728149414,8.706608533859253,0.9746,2
ExactLHS,1.0,0.03,0.06,200,600,53951.98816151749,815.2584784030914,816.4268262386322,0.8406,2
EIFICA,1.0,0.03,0.06,200,700,65471.57924099502,6.9453020095825195,8.672187089920044,0.9992,2
ExactLHS,1.0,0.03,0.06,150,300,57788.486232827534,7206.112903594971,7207.263255596161,0.7416,9
EIFICA,1.0,0.03,0.06,200,800,56055.40928102962,6.9430458545684814,8.64267373085022,0.996,2
ExactLHS,1.0,0.03,0.06,200,500,58711.532196318956,1982.4886102676392,1983.6426510810852,0.622,2
EIFICA,1.0,0.03,0.06,200,900,53804.98260488319,7.050230026245117,8.777188777923584,0.9904,2
ExactLHS,1.0,0.03,0.06,200,700,65471.57923343711,1034.500863790512,1035.6697008609772,0.7486,2
EIFICA,1.0,0.06,0.06,50,0,65998.86404419101,5.015491008758545,6.760685682296753,0.9774,2
ExactLHS,1.0,0.06,0.06,50,0,66313.69844214684,48.02359342575073,49.19887113571167,0.6154,2
EIFICA,1.0,0.06,0.06,50,100,53161.73488910807,5.04274320602417,6.808917045593262,0.9272,2
ExactLHS,1.0,0.06,0.06,50,100,53198.75310026139,96.15984225273132,97.36393165588379,0.705,2
EIFICA,1.0,0.06,0.06,50,200,61238.03429587612,5.000765562057495,6.746415615081787,0.9978,2
ExactLHS,1.0,0.06,0.06,50,200,61238.03429710521,98.34566402435303,99.53200340270996,0.6858,2
EIFICA,1.0,0.06,0.06,50,300,57171.526859664635,4.914750576019287,6.603348731994629,0.9594,2
ExactLHS,1.0,0.06,0.06,50,300,57191.39606776919,123.45010042190552,124.5983362197876,0.738,2
EIFICA,1.0,0.06,0.06,50,400,58125.34088390668,4.961327314376831,6.657490968704224,0.994,2
ExactLHS,1.0,0.06,0.06,50,400,58125.32663019479,100.11527800559998,101.26454591751099,0.7416,2
EIFICA,1.0,0.06,0.06,50,500,58009.86508151141,4.9390339851379395,6.625262498855591,0.9206,2
ExactLHS,1.0,0.06,0.06,50,500,58322.225273509015,114.01140141487122,115.16919016838074,0.6186,2
EIFICA,1.0,0.06,0.06,50,600,53073.04663562713,4.8862082958221436,6.5665998458862305,0.8818,2
ExactLHS,1.0,0.06,0.06,50,600,53084.32801841971,199.72478938102722,200.8802616596222,0.6914,2
EIFICA,1.0,0.06,0.06,50,700,64834.16022600197,4.899163484573364,6.593299150466919,0.9978,2
ExactLHS,1.0,0.06,0.06,50,700,64834.1602261175,52.293434619903564,53.442129373550415,0.74,2
EIFICA,1.0,0.06,0.06,50,800,55331.11809861885,4.909403085708618,6.57168984413147,0.9752,2
ExactLHS,1.0,0.06,0.06,50,800,55338.46368397377,118.74052047729492,119.89300489425659,0.7214,2
EIFICA,1.0,0.06,0.06,50,900,53257.575027713945,5.089656114578247,6.837161540985107,0.914,2
ExactLHS,1.0,0.06,0.06,50,900,53263.28177707933,97.0270323753357,98.25760173797607,0.6102,2
EIFICA,1.0,0.06,0.06,80,0,65998.86405273668,5.546903848648071,7.358242511749268,0.9774,2
ExactLHS,1.0,0.06,0.06,80,0,66444.30468668905,217.34948897361755,218.56828045845032,0.6958,2
EIFICA,1.0,0.06,0.06,80,100,53163.63851939125,5.528012752532959,7.220304012298584,0.9562,2
ExactLHS,1.0,0.03,0.06,200,800,56147.917271466904,2486.0746517181396,2487.233456134796,0.7406,2
EIFICA,1.0,0.06,0.06,80,200,61238.034296136415,5.317172527313232,6.994065284729004,0.998,2
ExactLHS,1.0,0.06,0.06,80,100,53431.99071730349,135.9096987247467,137.1234269142151,0.8252,2
EIFICA,1.0,0.06,0.06,80,300,57171.52685839393,5.403867721557617,7.140092849731445,0.9594,2
ExactLHS,1.0,0.06,0.06,80,300,57350.45440729203,122.1052143573761,123.29050779342651,0.7372,2
ExactLHS,1.0,0.06,0.06,80,200,61448.84580504779,168.89553022384644,170.03918886184692,0.7058,2
EIFICA,1.0,0.06,0.06,80,400,58125.34495965555,5.264436483383179,6.930161714553833,0.9952,2
EIFICA,1.0,0.06,0.06,80,500,58010.04976769455,5.17359471321106,6.307865858078003,0.9218,2
ExactLHS,1.0,0.06,0.06,80,500,58048.32939726009,193.58700609207153,194.89274835586548,0.6832,2
EIFICA,1.0,0.06,0.06,80,600,53082.43248734085,5.317505121231079,7.003674507141113,0.9268,2
ExactLHS,1.0,0.06,0.06,80,400,58333.02506828857,230.3514747619629,232.00400733947754,0.7174,2
EIFICA,1.0,0.06,0.06,80,700,64834.16023241806,5.1121666431427,6.232904672622681,0.9972,2
ExactLHS,1.0,0.06,0.06,80,600,53303.47442183596,190.2379128932953,191.38710713386536,0.6758,2
EIFICA,1.0,0.06,0.06,80,800,55331.22990096257,5.50148868560791,7.283170938491821,0.9748,2
ExactLHS,1.0,0.06,0.06,80,700,65000.641707145514,177.89567947387695,179.15584874153137,0.6858,2
EIFICA,1.0,0.06,0.06,80,900,53259.05518738013,5.1441216468811035,6.284658908843994,0.9478,2
ExactLHS,1.0,0.06,0.06,80,900,53417.05465880303,176.2076427936554,177.3541510105133,0.668,2
EIFICA,1.0,0.06,0.06,100,0,65998.8643667809,6.0553765296936035,7.204818248748779,0.9774,2
ExactLHS,1.0,0.06,0.06,80,800,55542.65370814932,204.53444075584412,205.68515849113464,0.7242,2
EIFICA,1.0,0.06,0.06,100,100,53167.60294505606,5.905254602432251,7.590919733047485,0.9692,2
ExactLHS,1.0,0.06,0.06,100,0,66004.6645074148,136.71084260940552,137.91954040527344,0.626,2
EIFICA,1.0,0.06,0.06,100,200,61238.03429921119,5.741304159164429,7.477771282196045,0.9978,2
ExactLHS,1.0,0.06,0.06,100,100,53230.918882706515,133.32262086868286,134.4934310913086,0.6744,2
EIFICA,1.0,0.06,0.06,100,300,57171.527216565475,5.7297117710113525,7.411241292953491,0.9594,2
ExactLHS,1.0,0.06,0.06,100,300,57204.309727619606,167.74141645431519,168.90663981437683,0.6856,2
EIFICA,1.0,0.06,0.06,100,400,58125.344957550704,5.662071466445923,7.352937936782837,0.9978,2
ExactLHS,1.0,0.06,0.06,100,400,58285.07394994614,71.86048865318298,73.01102685928345,0.7412,2
EIFICA,1.0,0.06,0.06,100,500,58020.55364480705,5.8185648918151855,7.526493549346924,0.9506,2
ExactLHS,1.0,0.06,0.06,100,200,61238.034297105136,394.23409938812256,395.3799617290497,0.6858,2
EIFICA,1.0,0.06,0.06,100,600,53100.22430676785,5.7293381690979,7.390546560287476,0.9502,2
ExactLHS,1.0,0.06,0.06,100,500,58367.53020279045,260.156126499176,261.33181500434875,0.7414,2
EIFICA,1.0,0.06,0.06,100,700,64834.16044988128,5.70416784286499,7.387539863586426,0.9978,2
ExactLHS,1.0,0.06,0.06,100,700,65471.50472670239,141.39429235458374,142.55214881896973,0.6876,2
EIFICA,1.0,0.06,0.06,100,800,55336.94723484586,5.872265577316284,7.704899787902832,0.9826,2
ExactLHS,1.0,0.06,0.06,100,600,53101.05367606885,470.97751021385193,472.12996315956116,0.7078,2
EIFICA,1.0,0.06,0.06,100,900,53259.24575336931,5.8613762855529785,7.554105281829834,0.9506,2
ExactLHS,1.0,0.03,0.06,200,300,57792.41000476104,7207.37552690506,7208.585437297821,0.7484,9
EIFICA,1.0,0.06,0.06,150,0,65998.95567477636,7.106730699539185,8.317506313323975,0.9794,13
ExactLHS,1.0,0.06,0.06,100,800,55505.629844090676,290.89092803001404,292.06238293647766,0.7366,2
EIFICA,1.0,0.06,0.06,150,100,53174.329112037994,7.210686683654785,8.929463148117065,0.9818,2
ExactLHS,1.0,0.06,0.06,100,900,53384.85328583865,160.57001090049744,161.7323522567749,0.6496,2
EIFICA,1.0,0.06,0.06,150,200,61238.03430027668,6.850010871887207,8.571540832519531,0.998,2
ExactLHS,1.0,0.06,0.06,150,200,61467.494674942944,325.63172149658203,326.8155200481415,0.6814,2
ExactLHS,1.0,0.06,0.06,150,100,53343.09097750837,384.4378523826599,385.6629331111908,0.746,2
EIFICA,1.0,0.06,0.06,150,300,57178.603460978615,7.2243428230285645,9.01228666305542,0.9734,13
EIFICA,1.0,0.06,0.06,150,400,58125.356736782654,6.677514553070068,7.892688274383545,0.998,2
ExactLHS,1.0,0.06,0.06,150,400,58125.356735365305,112.96013879776001,114.30666184425354,0.6876,2
EIFICA,1.0,0.06,0.06,150,500,58027.17298857837,6.875638961791992,8.211019515991211,0.984,13
ExactLHS,1.0,0.06,0.06,150,300,57497.66200273389,299.9777309894562,301.6382865905762,0.7356,2
EIFICA,1.0,0.06,0.06,150,600,53102.20851629549,6.635691165924072,7.752370357513428,0.9568,13
ExactLHS,1.0,0.06,0.06,150,0,66315.79697396359,922.5927674770355,923.7759716510773,0.6378,2
EIFICA,1.0,0.06,0.06,150,700,64834.64971306213,6.765552043914795,8.502087593078613,0.999,2
ExactLHS,1.0,0.06,0.06,150,700,64913.38272928077,317.4228639602661,318.60690569877625,0.6876,2
EIFICA,1.0,0.06,0.06,150,800,55337.12624493463,6.960518836975098,8.707406044006348,0.9844,13
ExactLHS,1.0,0.06,0.06,150,500,58141.22239065071,764.0969617366791,765.283365726471,0.6846,2
EIFICA,1.0,0.06,0.06,150,900,53274.744477055065,6.795490980148315,8.486273527145386,0.9854,2
ExactLHS,1.0,0.06,0.06,150,900,53749.13372538572,269.19746589660645,270.3527672290802,0.7406,2
EIFICA,1.0,0.06,0.06,200,0,66002.52412757724,7.831260919570923,9.679884195327759,1.0,2
ExactLHS,1.0,0.06,0.06,150,800,55576.01319631056,475.6637752056122,476.8507881164551,0.729,2
EIFICA,1.0,0.06,0.06,200,100,53188.46855718119,8.155571937561035,9.933298587799072,0.993,13
ExactLHS,1.0,0.06,0.06,150,600,53207.96318948631,965.2508680820465,966.4856264591217,0.7246,2
EIFICA,1.0,0.06,0.06,200,200,61238.034303525936,7.5423643589019775,9.203729629516602,0.9978,2
ExactLHS,1.0,0.06,0.06,200,100,53413.70342299688,509.6400740146637,510.80784344673157,0.6874,2
EIFICA,1.0,0.06,0.06,200,300,57178.80609504636,8.497198343276978,10.265403985977173,0.976,13
ExactLHS,1.0,0.06,0.06,200,200,61641.33911347115,671.0616817474365,672.2175838947296,0.7408,2
EIFICA,1.0,0.06,0.06,200,400,58125.35673561383,7.501721620559692,9.189705610275269,0.998,2
ExactLHS,1.0,0.06,0.06,200,0,66064.06686424569,1023.823409318924,1025.0272727012634,0.7256,2
EIFICA,1.0,0.06,0.06,200,500,58027.17977333661,7.92413592338562,9.674131870269775,0.984,13
ExactLHS,1.0,0.03,0.06,200,900,53869.31861391295,7207.142914533615,7208.313603401184,0.7404,9
EIFICA,1.0,0.06,0.06,200,600,53110.19729719185,8.131381034851074,9.88246774673462,0.9854,2
ExactLHS,1.0,0.06,0.06,200,300,57627.55111692845,1271.4803657531738,1272.7147789001465,0.7486,2
EIFICA,1.0,0.06,0.06,200,700,64834.649173148224,8.200577020645142,10.05902361869812,0.9992,2
ExactLHS,1.0,0.06,0.06,200,400,58285.75012551848,1214.4790449142456,1215.6445171833038,0.6876,2
EIFICA,1.0,0.06,0.06,200,800,55342.14348299384,7.929910182952881,9.710219383239746,0.9926,2
ExactLHS,1.0,0.06,0.06,200,500,58122.0452610031,1009.0262217521667,1010.2017633914948,0.6856,2
EIFICA,1.0,0.06,0.06,200,900,53274.74440662705,7.940990924835205,9.678172826766968,0.9854,2
ExactLHS,1.0,0.06,0.06,200,600,53283.839842966874,631.7549726963043,632.9442596435547,0.7392,2
ExactLHS,1.0,0.06,0.06,200,900,53473.31527366767,752.7701532840729,753.9559891223907,0.9604,2
ExactLHS,1.0,0.06,0.06,200,700,64891.6651860838,1205.5355002880096,1206.7803101539612,0.6858,2
ExactLHS,1.0,0.06,0.06,200,800,55517.80869265932,1710.8528242111206,1712.044226884842,0.6828,2
EIFICA,1.5,0.03,0.06,50,0,99482.58363363375,8.77741003036499,10.438666582107544,0.9776,2
EIFICA,1.5,0.03,0.06,50,100,80304.57476651229,9.179219007492065,10.895368814468384,0.931,2
EIFICA,1.5,0.03,0.06,50,200,92465.05419852473,8.321229934692383,9.460370063781738,0.986,2
EIFICA,1.5,0.03,0.06,50,300,86218.77553764348,7.927241802215576,9.204120874404907,0.9606,2
ExactLHS,1.5,0.03,0.06,50,300,86267.24044756878,72.63185024261475,73.78136014938354,0.6722,2
ExactLHS,1.5,0.03,0.06,50,200,92469.6652389572,93.49497675895691,94.67781209945679,0.6778,2
ExactLHS,1.5,0.03,0.06,50,0,99487.68582106825,110.13903641700745,111.8417296409607,0.7476,2
EIFICA,1.5,0.03,0.06,50,400,87761.1616210959,8.539121389389038,10.229555130004883,0.9146,2
EIFICA,1.5,0.03,0.06,50,500,87512.58243523886,8.28880000114441,9.42412805557251,0.9228,2
EIFICA,1.5,0.03,0.06,50,600,80201.48866572112,8.89008617401123,10.138385772705078,0.881,2
ExactLHS,1.5,0.03,0.06,50,100,80402.56467269761,172.5460684299469,174.2236132621765,0.7348,2
EIFICA,1.5,0.03,0.06,50,700,97763.13456660294,8.51382565498352,9.679450988769531,0.998,2
ExactLHS,1.5,0.03,0.06,50,600,80226.28735497374,75.99690818786621,77.15071272850037,0.6318,2
EIFICA,1.5,0.03,0.06,50,800,83516.4862768868,8.463534832000732,10.182169198989868,0.9688,2
ExactLHS,1.5,0.03,0.06,50,500,87546.3156078542,125.17262625694275,126.33228492736816,0.7234,2
EIFICA,1.5,0.03,0.06,50,900,80323.00204908337,8.961859941482544,10.69978141784668,0.922,2
ExactLHS,1.5,0.03,0.06,50,800,83550.56795328046,89.18125295639038,90.34504961967468,0.717,2
ExactLHS,1.5,0.03,0.06,50,400,87768.40968582989,205.07041883468628,206.80701088905334,0.7398,2
ExactLHS,1.5,0.03,0.06,50,900,80344.22227785326,74.08466291427612,75.25343155860901,0.6362,2
EIFICA,1.5,0.03,0.06,80,0,99482.58362642831,19.90010952949524,21.596920490264893,0.9776,2
ExactLHS,1.5,0.03,0.06,50,700,97763.13456656516,157.036851644516,158.2927806377411,0.7558,2
EIFICA,1.5,0.03,0.06,80,100,80310.22224441581,16.944814443588257,18.633723497390747,0.9594,2
EIFICA,1.5,0.03,0.06,80,200,92465.05419855716,17.603954076766968,19.346755266189575,0.9856,2
EIFICA,1.5,0.03,0.06,80,300,86218.77553693751,16.487635612487793,17.64344358444214,0.9606,2
ExactLHS,1.5,0.03,0.06,80,0,99492.5986976978,201.7628538608551,202.92814660072327,0.6306,2
ExactLHS,1.5,0.03,0.06,80,100,80450.04643236665,186.9452965259552,188.12276768684387,0.739,2
EIFICA,1.5,0.03,0.06,80,400,87761.48517620504,17.08814525604248,18.82088279724121,0.924,2
EIFICA,1.5,0.03,0.06,80,500,87513.24385629677,15.45421314239502,16.604802131652832,0.9256,2
ExactLHS,1.5,0.03,0.06,80,200,92474.26420807079,215.37817311286926,216.5196340084076,0.744,2
EIFICA,1.5,0.03,0.06,80,600,80215.75651194686,17.59693956375122,19.29584765434265,0.9256,2
ExactLHS,1.5,0.03,0.06,80,300,86287.51798609676,237.92788004875183,239.23454475402832,0.738,2
EIFICA,1.5,0.03,0.06,80,700,97763.13456664859,17.92224407196045,19.63631772994995,0.9976,2
ExactLHS,1.5,0.03,0.06,80,400,87771.8528179878,214.8897523880005,216.58984994888306,0.7408,2
ExactLHS,1.5,0.03,0.06,80,500,87576.27374854879,187.6568522453308,188.9583559036255,0.8174,2
EIFICA,1.5,0.03,0.06,80,800,83516.69512388144,16.909663677215576,18.04240131378174,0.969,2
EIFICA,1.5,0.03,0.06,80,900,80324.9975105696,18.884169816970825,20.13576626777649,0.9522,2
ExactLHS,1.5,0.03,0.06,80,600,80267.54499058494,224.55047416687012,225.70069551467896,0.7098,2
EIFICA,1.5,0.03,0.06,100,0,99482.59194052542,21.692250967025757,23.404993295669556,0.9776,2
ExactLHS,1.5,0.03,0.06,80,700,97763.13456656579,205.72755599021912,206.87206888198853,0.7416,2
EIFICA,1.5,0.03,0.06,100,100,80323.23907857828,28.45315146446228,30.173887014389038,0.9706,2
ExactLHS,1.5,0.03,0.06,80,900,80366.3660852592,111.4276750087738,112.56805896759033,0.6718,2
EIFICA,1.5,0.03,0.06,100,200,92465.0541985775,33.72499132156372,35.0201621055603,0.9858,2
ExactLHS,1.5,0.03,0.06,80,800,83575.07086147794,184.0383198261261,185.751296043396,0.6772,2
EIFICA,1.5,0.03,0.06,100,300,86218.77553664785,20.62292242050171,21.75662922859192,0.9606,2
ExactLHS,1.5,0.03,0.06,100,0,100092.5554019006,277.50685930252075,278.73938250541687,0.6614,2
EIFICA,1.5,0.03,0.06,100,400,87761.48747955765,21.181657791137695,22.958921432495117,0.9264,2
ExactLHS,1.5,0.03,0.06,100,300,86854.74940026473,310.3338797092438,311.64631485939026,0.7376,2
ExactLHS,1.5,0.03,0.06,100,100,80469.76037793812,393.68135952949524,394.8535327911377,0.7484,2
EIFICA,1.5,0.03,0.06,100,500,87527.64633155252,27.77729892730713,29.51566481590271,0.9552,2
EIFICA,1.5,0.03,0.06,100,600,80245.27476009961,19.98593783378601,21.172982454299927,0.9534,2
ExactLHS,1.5,0.03,0.06,100,200,93270.50326828066,482.99122071266174,484.15093445777893,0.7402,2
ExactLHS,1.5,0.03,0.06,100,500,87602.04368316621,139.7565221786499,141.50095748901367,0.747,2
EIFICA,1.5,0.03,0.06,100,700,97763.13456650436,26.376039743423462,28.12143588066101,0.9984,2
EIFICA,1.5,0.03,0.06,100,800,83525.6388586953,28.696833610534668,29.844122648239136,0.975,2
ExactLHS,1.5,0.03,0.06,100,400,88563.24033818625,387.49598360061646,388.70461320877075,0.7416,2
EIFICA,1.5,0.03,0.06,100,900,80325.3683480363,22.938933610916138,24.665626764297485,0.9542,2
ExactLHS,1.5,0.03,0.06,100,600,80288.4441948824,326.85800862312317,328.1656119823456,0.6778,2
EIFICA,1.5,0.03,0.06,150,0,99482.73167546064,45.21754193305969,46.950677156448364,0.98,2
ExactLHS,1.5,0.03,0.06,100,700,98395.24494038525,495.2188584804535,496.37475323677063,0.7536,2
ExactLHS,1.5,0.03,0.06,100,900,80373.62798102367,390.4128530025482,391.5930001735687,0.675,2
EIFICA,1.5,0.03,0.06,150,100,80336.01535944456,40.729915142059326,41.8805365562439,0.9826,2
EIFICA,1.5,0.03,0.06,150,200,92465.05419868602,42.227811098098755,43.35999059677124,0.9858,2
ExactLHS,1.5,0.03,0.06,100,800,84333.55724260923,543.6419422626495,544.9397830963135,0.6344,2
EIFICA,1.5,0.03,0.06,150,300,86235.2590149249,41.42401576042175,43.162776708602905,0.9748,2
ExactLHS,1.5,0.03,0.06,150,0,99848.42650362723,574.7530174255371,575.9396286010742,0.847,2
EIFICA,1.5,0.03,0.06,150,400,87768.27740225206,40.554187536239624,42.27531409263611,0.9608,2
ExactLHS,1.5,0.03,0.06,150,200,92478.18144894774,470.6540105342865,471.97377586364746,0.8034,2
ExactLHS,1.5,0.03,0.06,150,400,87775.26153679067,182.26869297027588,183.4506859779358,0.6876,2
EIFICA,1.5,0.03,0.06,150,500,87536.8920129669,33.77994918823242,34.894086599349976,0.9872,2
EIFICA,1.5,0.03,0.06,150,600,80248.24677486872,47.49236035346985,48.60699272155762,0.9592,2
ExactLHS,1.5,0.03,0.06,150,300,86632.66418741652,613.0309016704559,614.1857597827911,0.738,2
EIFICA,1.5,0.03,0.06,150,700,97763.41377674964,32.55774140357971,34.304038286209106,0.9984,2
ExactLHS,1.5,0.03,0.06,150,500,87980.44818881908,294.2708902359009,296.01755452156067,0.7484,2
EIFICA,1.5,0.03,0.06,150,800,83528.09575304383,39.9023277759552,41.08947253227234,0.9818,2
ExactLHS,1.5,0.03,0.06,150,600,80300.70488903772,476.88239192962646,478.12437534332275,0.679,2
ExactLHS,1.5,0.03,0.06,150,800,83596.65331815966,217.0105574131012,218.32602834701538,0.6862,2
EIFICA,1.5,0.03,0.06,150,900,80359.96388938678,41.44039011001587,43.112932205200195,0.9886,2
EIFICA,1.5,0.03,0.06,200,0,99490.16819412884,8.515570640563965,9.663591861724854,0.9984,2
ExactLHS,1.5,0.03,0.06,150,700,98124.51848418251,376.65025901794434,377.8138551712036,0.829,2
EIFICA,1.5,0.03,0.06,200,100,80363.28951146777,9.018301963806152,10.890228986740112,0.9934,2
ExactLHS,1.5,0.03,0.06,150,900,80713.67699989937,283.42535853385925,284.5917007923126,0.6848,2
EIFICA,1.5,0.03,0.06,200,200,92465.05420425859,9.07102084159851,10.213736534118652,0.9858,2
ExactLHS,1.5,0.03,0.06,200,200,92480.00181511667,334.87774109840393,336.0253486633301,0.6848,2
EIFICA,1.5,0.03,0.06,200,300,86235.50265141831,8.810308694839478,9.954872369766235,0.978,2
ExactLHS,1.5,0.03,0.06,200,0,100127.19574142626,1150.6154940128326,1151.768058538437,0.7416,2
EIFICA,1.5,0.03,0.06,200,400,87773.3708335618,8.795055866241455,10.467977285385132,0.977,2
ExactLHS,1.5,0.03,0.06,200,300,86541.00169746212,1566.3198411464691,1567.6203553676605,0.7304,2
EIFICA,1.5,0.03,0.06,200,500,87536.89194298537,8.333061218261719,9.468034744262695,0.9872,2
ExactLHS,1.5,0.03,0.06,200,400,87775.82770721565,1532.7143774032593,1533.8906745910645,0.7416,2
EIFICA,1.5,0.03,0.06,200,600,80272.08037580943,8.591738939285278,10.272704601287842,0.9704,2
ExactLHS,1.5,0.03,0.06,200,500,87883.46673869183,2364.753828763962,2366.0073580741882,0.7416,2
EIFICA,1.5,0.03,0.06,200,700,97763.41376867851,9.007140874862671,10.703923463821411,0.9984,2
ExactLHS,1.5,0.03,0.06,200,600,80317.70029938698,1888.2493999004364,1889.3949904441833,0.659,2
EIFICA,1.5,0.03,0.06,200,800,83550.00565696965,8.821702480316162,10.555550575256348,0.9942,2
ExactLHS,1.5,0.03,0.06,200,700,98015.958627254,498.41434049606323,499.6266989707947,0.7416,2
EIFICA,1.5,0.03,0.06,200,900,80359.96388858646,8.765976667404175,10.48596453666687,0.9886,2
ExactLHS,1.5,0.03,0.06,150,100,80492.70499261766,7206.276821136475,7208.016706228256,0.735,9
EIFICA,1.5,0.06,0.06,50,0,98861.5607410982,5.122072458267212,6.31977391242981,0.9736,2
ExactLHS,1.5,0.06,0.06,50,0,100072.07471849683,55.36534404754639,56.71437621116638,0.7184,2
EIFICA,1.5,0.06,0.06,50,100,79587.9042435693,5.244009017944336,6.417523384094238,0.9234,2
ExactLHS,1.5,0.03,0.06,200,800,83606.80100838648,1641.839384317398,1643.0303497314453,0.6874,2
EIFICA,1.5,0.06,0.06,50,200,91679.2269125877,5.185921669006348,6.883269786834717,0.9968,2
ExactLHS,1.5,0.06,0.06,50,200,91679.22691144784,65.82253623008728,67.01333260536194,0.74,2
EIFICA,1.5,0.06,0.06,50,300,85710.0986225092,5.295531272888184,7.06251335144043,0.9572,2
ExactLHS,1.5,0.06,0.06,50,300,86807.1481131074,50.94563817977905,52.1564667224884,0.736,2
EIFICA,1.5,0.06,0.06,50,400,86981.52279782553,5.317902326583862,7.099148988723755,0.9924,2
ExactLHS,1.5,0.06,0.06,50,400,87377.94424386621,93.25494194030762,94.46583366394043,0.6848,2
EIFICA,1.5,0.06,0.06,50,500,86936.3355544014,5.2909204959869385,7.055614471435547,0.9156,2
ExactLHS,1.5,0.03,0.06,200,900,80622.20869385505,1564.9247007369995,1566.0940854549408,0.7496,2
EIFICA,1.5,0.06,0.06,50,600,79460.96948870338,5.198533535003662,6.900851011276245,0.8724,2
ExactLHS,1.5,0.06,0.06,50,600,79855.90580431954,85.25492572784424,86.42164301872253,0.6656,2
ExactLHS,1.5,0.06,0.06,50,500,86959.99674838348,231.64703345298767,232.83932518959045,0.7312,2
EIFICA,1.5,0.06,0.06,50,700,97136.51466896094,5.01207971572876,6.29532527923584,0.9928,2
EIFICA,1.5,0.06,0.06,50,800,82820.52056742221,4.987755298614502,6.266422510147095,0.988,2
ExactLHS,1.5,0.06,0.06,50,700,98395.24494038441,97.38309335708618,99.14986801147461,0.7416,2
EIFICA,1.5,0.06,0.06,50,900,79806.53128787117,5.150520086288452,6.3238348960876465,0.9248,2
ExactLHS,1.5,0.06,0.06,50,900,79807.98070608202,58.05205583572388,59.33577251434326,0.7466,2
EIFICA,1.5,0.06,0.06,80,0,98861.5607599544,5.997608184814453,7.193600654602051,0.9736,2
ExactLHS,1.5,0.06,0.06,50,800,83186.04856210387,191.70738625526428,192.86479210853577,0.7212,2
EIFICA,1.5,0.06,0.06,80,100,79589.63658265032,5.9506988525390625,7.68402361869812,0.9536,2
ExactLHS,1.5,0.06,0.06,80,0,99893.14446690629,141.86702585220337,143.03467535972595,0.7372,2
EIFICA,1.5,0.06,0.06,80,200,91679.22691095421,5.972922086715698,7.756014108657837,0.9978,2
ExactLHS,1.5,0.06,0.06,80,100,79656.1006757008,249.27370071411133,250.45698642730713,0.7378,2
EIFICA,1.5,0.06,0.06,80,300,85710.09862628473,5.888371467590332,7.613254070281982,0.9572,2
ExactLHS,1.5,0.03,0.06,200,100,80508.35990393256,7207.1807076931,7208.37167429924,0.7416,9
EIFICA,1.5,0.06,0.06,80,400,86981.52279771755,5.695158958435059,7.418998718261719,0.9942,2
ExactLHS,1.5,0.06,0.06,80,300,86658.59330623124,79.19836044311523,80.38742780685425,0.7366,2
EIFICA,1.5,0.06,0.06,80,500,86936.59472274018,5.666348457336426,7.411474704742432,0.9164,2
ExactLHS,1.5,0.06,0.06,80,200,91890.90954456647,306.5684218406677,307.7790868282318,0.736,2
EIFICA,1.5,0.06,0.06,80,600,79462.70649306136,5.8965067863464355,7.675627708435059,0.9044,2
ExactLHS,1.5,0.06,0.06,80,500,87971.92861732883,81.97169518470764,83.15644574165344,0.6848,2
EIFICA,1.5,0.06,0.06,80,700,97136.51467235117,5.889206886291504,7.628959655761719,0.9928,2
ExactLHS,1.5,0.06,0.06,80,400,87190.99849329595,230.99608302116394,232.16508722305298,0.6858,2
EIFICA,1.5,0.06,0.06,80,800,82820.55901910133,5.734035968780518,7.473566770553589,0.9882,2
ExactLHS,1.5,0.06,0.06,80,700,98184.5686809195,85.04738163948059,86.23828363418579,0.7466,2
EIFICA,1.5,0.06,0.06,80,900,79808.0037644892,5.903506517410278,7.148829698562622,0.9456,2
ExactLHS,1.5,0.06,0.06,80,600,80034.3426644184,112.89225816726685,114.09289503097534,0.701,2
EIFICA,1.5,0.06,0.06,100,0,98861.56072488606,6.660585165023804,8.544611692428589,0.9736,2
ExactLHS,1.5,0.06,0.06,80,900,80733.27621404812,84.31654667854309,85.50622248649597,0.6752,2
EIFICA,1.5,0.06,0.06,100,100,79594.92309437472,6.513751029968262,8.300574779510498,0.9666,2
ExactLHS,1.5,0.06,0.06,100,0,99494.62798788714,100.92629170417786,102.12339329719543,0.6636,2
EIFICA,1.5,0.06,0.06,100,200,91679.22690962756,6.670597791671753,8.468540668487549,0.9978,2
ExactLHS,1.5,0.06,0.06,80,800,82819.85619042645,201.00308227539062,202.1994593143463,0.7876,2
EIFICA,1.5,0.06,0.06,100,300,85710.09863925439,6.598841190338135,8.40819239616394,0.9572,2
ExactLHS,1.5,0.06,0.06,100,100,79825.58438182471,188.907897233963,190.08886885643005,0.7406,2
EIFICA,1.5,0.06,0.06,100,400,86981.52280146454,6.4208290576934814,8.157752752304077,0.997,2
ExactLHS,1.5,0.06,0.06,100,300,85729.55604238316,191.9284634590149,193.14977931976318,0.7352,2
EIFICA,1.5,0.06,0.06,100,500,86951.19429478301,6.838967323303223,8.66204571723938,0.9464,2
ExactLHS,1.5,0.06,0.06,100,200,92475.44336224608,321.5997304916382,322.7894432544708,0.8914,2
EIFICA,1.5,0.06,0.06,100,600,79464.37966424174,6.658653974533081,8.481740474700928,0.9498,2
ExactLHS,1.5,0.06,0.06,100,600,79467.99640251984,74.7006368637085,75.92791247367859,0.6876,2
EIFICA,1.5,0.06,0.06,100,700,97136.51466546519,6.397594928741455,8.138891220092773,0.9928,2
ExactLHS,1.5,0.06,0.06,100,500,87291.34160417336,392.7759554386139,394.035826921463,0.62,2
EIFICA,1.5,0.06,0.06,100,800,82822.38625088963,6.747530937194824,8.537254571914673,0.9954,2
ExactLHS,1.5,0.06,0.06,100,700,97261.18450641006,285.9744622707367,287.16865396499634,0.7416,2
EIFICA,1.5,0.06,0.06,100,900,79808.1085073863,6.626733303070068,8.40847635269165,0.9484,2
ExactLHS,1.5,0.06,0.06,100,400,87140.80886623563,617.7896790504456,618.9607844352722,0.6936,2
EIFICA,1.5,0.06,0.06,150,0,98861.61877329524,8.98504376411438,10.716248989105225,0.9734,2
ExactLHS,1.5,0.06,0.06,100,900,79923.67125751624,191.58794498443604,192.78827953338623,0.6672,2
EIFICA,1.5,0.06,0.06,150,100,79604.30158908099,8.872891664505005,10.652636528015137,0.98,2
ExactLHS,1.5,0.06,0.06,100,800,83586.66069298485,295.2995285987854,296.5122940540314,0.6848,2
EIFICA,1.5,0.06,0.06,150,200,91679.22692147293,8.214903831481934,9.953585624694824,0.9972,2
ExactLHS,1.5,0.06,0.06,150,0,98868.60173182256,337.56833386421204,338.74223828315735,0.7416,2
EIFICA,1.5,0.06,0.06,150,300,85713.23729634365,8.597290515899658,10.349589586257935,0.972,2
ExactLHS,1.5,0.06,0.06,150,100,79907.6119238035,383.71018981933594,384.901864528656,0.6176,2
EIFICA,1.5,0.06,0.06,150,400,86981.52280012854,8.232939720153809,9.988956928253174,0.9976,2
ExactLHS,1.5,0.06,0.06,150,200,92319.77591436438,361.0454852581024,362.2238850593567,0.6842,2
EIFICA,1.5,0.06,0.06,150,500,86959.83171570188,8.0996835231781,9.803884744644165,0.985,2
ExactLHS,1.5,0.06,0.06,150,300,85804.52758385024,287.53826570510864,288.7341401576996,0.74,2
EIFICA,1.5,0.06,0.06,150,600,79464.5968504509,8.681473016738892,10.480526208877563,0.9614,2
ExactLHS,1.5,0.06,0.06,150,400,87616.39453107369,352.6233847141266,353.8227183818817,0.7486,2
EIFICA,1.5,0.06,0.06,150,700,97137.3419830286,8.343051433563232,10.143786430358887,0.9992,2
ExactLHS,1.5,0.06,0.06,150,500,87064.390378719,525.4895453453064,526.6699666976929,0.8456,2
EIFICA,1.5,0.06,0.06,150,800,82822.3862799269,8.150429725646973,9.885708808898926,0.9958,2
ExactLHS,1.5,0.06,0.06,150,800,83044.5943983067,179.31203198432922,180.47583675384521,0.6846,2
EIFICA,1.5,0.06,0.06,150,900,79812.58835095132,8.744863510131836,10.578529834747314,0.9894,2
ExactLHS,1.5,0.06,0.06,150,700,97315.58016658656,401.5760569572449,402.7862501144409,0.6858,2
ExactLHS,1.5,0.06,0.06,150,600,79714.82706390898,652.0719473361969,653.2959752082825,0.7436,2
EIFICA,1.5,0.06,0.06,200,0,98865.15922322345,11.103785276412964,13.015772581100464,0.9998,13
EIFICA,1.5,0.06,0.06,200,100,79616.76027233813,11.327442407608032,12.475001573562622,0.9918,13
ExactLHS,1.5,0.06,0.06,150,900,80539.37635979954,274.88605427742004,276.1322705745697,0.6338,2
EIFICA,1.5,0.06,0.06,200,200,91679.22693016987,10.901459693908691,12.772493362426758,0.9978,2
ExactLHS,1.5,0.06,0.06,200,100,80270.72870123228,928.8112516403198,930.0014469623566,0.6856,2
EIFICA,1.5,0.06,0.06,200,300,85713.45658735534,11.046282052993774,12.229467630386353,0.975,13
ExactLHS,1.5,0.06,0.06,200,200,91679.22691144781,710.9129238128662,712.1826813220978,0.6858,2
ExactLHS,1.5,0.06,0.06,200,0,98869.18453404662,992.0726535320282,993.8076503276825,0.74,2
EIFICA,1.5,0.06,0.06,200,400,86981.52280117647,10.369805097579956,11.57524847984314,0.9978,2
EIFICA,1.5,0.06,0.06,200,500,86959.83351202878,10.352884769439697,11.562827348709106,0.985,2
ExactLHS,1.5,0.06,0.06,200,500,87620.83778721694,585.5827040672302,586.8051455020905,0.6856,2
ExactLHS,1.5,0.06,0.06,200,400,87140.84404385959,611.445396900177,612.6157341003418,0.6876,2
EIFICA,1.5,0.06,0.06,200,600,79465.79196480801,11.307474613189697,13.174978971481323,0.9892,13
EIFICA,1.5,0.06,0.06,200,700,97137.34194679235,10.781939029693604,11.984354019165039,0.9988,2
ExactLHS,1.5,0.06,0.06,200,300,86022.50804455677,1120.2921135425568,1121.6158723831177,0.6872,2
EIFICA,1.5,0.06,0.06,200,800,82822.38649956991,11.128643035888672,13.114930152893066,0.9958,2
ExactLHS,1.5,0.06,0.06,200,600,80073.93068423809,534.5800595283508,536.3757338523865,0.6838,2
EIFICA,1.5,0.06,0.06,200,900,79812.58836287327,10.241204977035522,11.418205261230469,0.9914,2
ExactLHS,1.5,0.06,0.06,200,700,97195.31170193032,1123.7980682849884,1124.998403787613,0.7532,2
EIFICA,2.0,0.03,0.06,50,0,132539.28209712196,15.448868036270142,16.64014172554016,0.923,2
ExactLHS,2.0,0.03,0.06,50,0,132541.63858511602,118.04764819145203,119.8212661743164,0.7842,2
EIFICA,2.0,0.03,0.06,50,100,106981.56925502793,15.277142524719238,16.42859387397766,0.8744,2
ExactLHS,2.0,0.03,0.06,50,100,107061.01034253906,40.694068908691406,41.98977875709534,0.5976,2
EIFICA,2.0,0.03,0.06,50,200,123145.70119964298,16.11492133140564,17.884031534194946,0.6732,2
ExactLHS,2.0,0.03,0.06,50,200,123178.28365536068,78.04529571533203,79.23311591148376,0.6562,2
EIFICA,2.0,0.03,0.06,50,300,114893.14307992201,16.55784821510315,18.332927942276,0.9396,2
ExactLHS,2.0,0.03,0.06,50,300,117034.15712652223,156.7127811908722,157.90672302246094,0.6292,2
EIFICA,2.0,0.03,0.06,50,400,117343.88575315555,15.735864400863647,17.4886634349823,0.8874,2
ExactLHS,2.0,0.03,0.06,50,400,117345.24086202984,112.41221857070923,113.60207390785217,0.6984,2
EIFICA,2.0,0.03,0.06,50,500,116568.43532053172,15.682457208633423,17.452164888381958,0.9154,2
ExactLHS,1.5,0.06,0.06,200,800,82824.77877922243,1341.557761669159,1342.798228263855,0.7376,2
EIFICA,2.0,0.03,0.06,50,600,106735.9043473027,16.64289093017578,18.403250694274902,0.8504,2
ExactLHS,2.0,0.03,0.06,50,500,118821.00972391208,120.7664806842804,121.96249485015869,0.7266,2
EIFICA,2.0,0.03,0.06,50,700,130185.10496748105,15.366633653640747,17.141913652420044,0.9966,2
ExactLHS,1.5,0.06,0.06,50,100,81158.74870721302,7204.963049650192,7206.104018688202,0.7384,9
EIFICA,2.0,0.03,0.06,50,800,111119.50777436132,14.549372911453247,16.28196382522583,0.9134,2
ExactLHS,2.0,0.03,0.06,50,600,106767.76448077576,270.4240584373474,271.6148056983948,0.5268,2
EIFICA,2.0,0.03,0.06,50,900,106988.44256716328,15.6381676197052,17.391536712646484,0.9136,2
ExactLHS,2.0,0.03,0.06,50,700,132656.07037547536,235.49713039398193,236.6908905506134,0.6082,2
EIFICA,2.0,0.03,0.06,80,0,132563.483851592,43.13803148269653,44.89004564285278,0.9346,2
ExactLHS,2.0,0.03,0.06,50,800,111138.82681270193,187.91992235183716,189.08469462394714,0.654,2
ExactLHS,2.0,0.03,0.06,50,900,109096.42886645165,73.73217463493347,74.91090893745422,0.7202,2
EIFICA,2.0,0.03,0.06,80,100,106996.18495907275,41.585272789001465,43.30309748649597,0.9078,2
EIFICA,2.0,0.03,0.06,80,200,123158.5512501843,38.69888782501221,39.88267993927002,0.9252,2
ExactLHS,2.0,0.03,0.06,80,0,132577.8534434576,182.47125673294067,183.63056874275208,0.696,2
ExactLHS,2.0,0.03,0.06,80,100,107117.82345008192,172.7065932750702,174.41765809059143,0.8596,2
ExactLHS,2.0,0.03,0.06,80,200,123203.66567773845,109.21028995513916,110.55501461029053,0.671,2
EIFICA,2.0,0.03,0.06,80,300,114893.14307730022,39.90700674057007,41.67903542518616,0.9396,2
EIFICA,2.0,0.03,0.06,80,400,117344.42205264975,41.20509076118469,42.945889949798584,0.8956,2
EIFICA,2.0,0.03,0.06,80,500,116569.03011174215,33.67723059654236,34.86429142951965,0.9186,2
ExactLHS,2.0,0.03,0.06,80,300,114949.00068911008,223.5380141735077,224.76261591911316,0.6768,2
ExactLHS,2.0,0.03,0.06,80,400,117354.48048139176,233.45423984527588,234.64626002311707,0.6442,2
EIFICA,2.0,0.03,0.06,80,600,106768.55559723634,42.09077072143555,43.93149018287659,0.8798,2
ExactLHS,2.0,0.03,0.06,80,500,117473.61965148203,196.0070161819458,197.30391383171082,0.6992,2
EIFICA,2.0,0.03,0.06,80,700,130185.10496691734,36.89238357543945,38.13266897201538,0.9966,2
EIFICA,2.0,0.03,0.06,80,800,111119.7307676897,39.104061126708984,40.504223585128784,0.914,2
ExactLHS,2.0,0.03,0.06,80,600,106840.72136144542,142.21400666236877,143.97783255577087,0.6344,2
EIFICA,2.0,0.03,0.06,80,900,106990.86580280818,36.817930936813354,37.96429491043091,0.9488,2
ExactLHS,2.0,0.03,0.06,80,800,111156.41662238311,140.5865671634674,141.83878707885742,0.7336,2
EIFICA,2.0,0.03,0.06,100,0,132564.14473034893,50.19008660316467,51.90088486671448,0.9512,2
ExactLHS,2.0,0.03,0.06,80,700,130185.10496747504,251.1358242034912,252.88188791275024,0.6858,2
EIFICA,2.0,0.03,0.06,100,100,107005.10092199656,53.120620012283325,54.265902280807495,0.9184,2
ExactLHS,1.5,0.06,0.06,200,900,80621.40930019342,2482.138195991516,2483.3245520591736,0.7416,2
ExactLHS,2.0,0.03,0.06,80,900,107806.32047137266,206.66720247268677,207.95875000953674,0.623,2
EIFICA,2.0,0.03,0.06,100,200,123158.55124952606,52.42024087905884,53.590697288513184,0.9252,2
EIFICA,2.0,0.03,0.06,100,300,114893.14307696233,56.01156949996948,57.29229259490967,0.9396,2
ExactLHS,2.0,0.03,0.06,100,300,115513.83927932799,181.8630175590515,182.98079109191895,0.6708,2
EIFICA,2.0,0.03,0.06,100,400,117347.41843262795,52.49400568008423,53.822526931762695,0.9148,2
ExactLHS,2.0,0.03,0.06,100,0,133186.53322058142,583.0005166530609,584.1826088428497,0.7052,2
EIFICA,2.0,0.03,0.06,100,500,116586.85031768797,38.550565004348755,40.289355754852295,0.9462,2
ExactLHS,2.0,0.03,0.06,100,100,107146.50021301766,610.5891544818878,611.9393174648285,0.7612,2
EIFICA,2.0,0.03,0.06,100,600,106803.06981080555,55.17761754989624,56.96502065658569,0.9192,2
ExactLHS,2.0,0.03,0.06,100,200,123211.37567052896,652.9425828456879,654.1272814273834,0.673,2
EIFICA,2.0,0.03,0.06,100,700,130185.10496930798,41.203413009643555,42.928762435913086,0.9966,2
ExactLHS,2.0,0.03,0.06,100,400,117363.6636436493,440.6310646533966,441.7961537837982,0.651,2
EIFICA,2.0,0.03,0.06,100,800,111131.13646065728,43.46559286117554,45.160683393478394,0.9184,2
ExactLHS,2.0,0.03,0.06,100,700,130806.02893469368,206.71387457847595,207.8722083568573,0.6876,2
ExactLHS,2.0,0.03,0.06,100,500,117268.52279724393,436.57242250442505,437.7636048793793,0.7372,2
EIFICA,2.0,0.03,0.06,100,900,106991.22767204598,54.476608991622925,56.20277690887451,0.951,2
ExactLHS,2.0,0.03,0.06,100,600,106865.13279715745,461.94537687301636,463.1282980442047,0.65,2
EIFICA,2.0,0.03,0.06,150,0,132567.464230421,119.1114661693573,120.27090096473694,0.9514,2
ExactLHS,2.0,0.03,0.06,100,900,107581.24060172246,164.53746819496155,166.27418899536133,0.7434,2
EIFICA,2.0,0.03,0.06,150,100,107015.94829239142,123.22068762779236,124.48333692550659,0.9338,2
EIFICA,2.0,0.03,0.06,150,200,123158.55124951738,130.8029682636261,132.06480288505554,0.9252,2
ExactLHS,2.0,0.03,0.06,150,0,133562.2488685709,343.1479182243347,345.0824089050293,0.6686,2
ExactLHS,2.0,0.03,0.06,150,200,123678.335170608,176.8390338420868,178.14055585861206,0.6798,2
EIFICA,2.0,0.03,0.06,150,300,114904.49548606877,125.11784529685974,126.35395193099976,0.9508,2
EIFICA,2.0,0.03,0.06,150,400,117358.676564681,121.61963987350464,122.94592070579529,0.9158,2
ExactLHS,2.0,0.03,0.06,150,300,115871.00350244816,309.63277220726013,310.85901379585266,0.6796,2
EIFICA,2.0,0.03,0.06,150,500,116598.12714162494,90.31572222709656,92.1323356628418,0.9854,2
ExactLHS,2.0,0.03,0.06,150,500,117030.59053861423,353.971271276474,355.1747193336487,0.7476,2
ExactLHS,2.0,0.03,0.06,150,400,117458.65257553759,728.8177435398102,730.1465759277344,0.6624,2
EIFICA,2.0,0.03,0.06,150,600,106804.03848870631,126.4086844921112,128.34685468673706,0.9268,2
EIFICA,2.0,0.03,0.06,150,700,130186.11155090574,84.0976779460907,85.26265716552734,0.9994,2
ExactLHS,2.0,0.03,0.06,150,700,131184.15647915355,259.2114942073822,260.62302803993225,0.7416,2
EIFICA,2.0,0.03,0.06,150,800,111149.53058241295,113.36676931381226,115.15217447280884,0.9508,2
ExactLHS,2.0,0.03,0.06,150,800,111215.32330631706,247.54190731048584,248.7672324180603,0.661,2
EIFICA,2.0,0.03,0.06,150,900,107020.01914603685,130.8130967617035,132.59381866455078,0.9842,2
ExactLHS,2.0,0.03,0.06,150,600,107319.15860277471,919.2414486408234,920.9655735492706,0.6462,2
ExactLHS,2.0,0.03,0.06,150,900,107961.18212348524,354.4916968345642,355.70648407936096,0.618,2
EIFICA,2.0,0.03,0.06,200,0,132589.12097858338,298.0104990005493,299.1761155128479,0.9716,2
EIFICA,2.0,0.03,0.06,200,100,107037.55652061946,289.4674632549286,290.60732889175415,0.9374,2
ExactLHS,2.0,0.03,0.06,150,100,107201.5301367811,2975.3102643489838,2976.523090362549,0.694,2
EIFICA,2.0,0.03,0.06,200,200,123160.03694461557,276.3026633262634,278.0450894832611,0.9384,2
ExactLHS,2.0,0.03,0.06,200,0,133838.8219389248,1180.2340161800385,1182.024781703949,0.6766,2
EIFICA,2.0,0.03,0.06,200,300,114905.93775367131,341.9001557826996,343.0856783390045,0.9672,2
ExactLHS,2.0,0.03,0.06,200,300,115552.71211199005,584.9502468109131,586.0732624530792,0.6838,2
ExactLHS,2.0,0.03,0.06,200,200,123551.05579091058,1505.1476738452911,1506.3227772712708,0.833,2
EIFICA,2.0,0.03,0.06,200,400,117363.09992227427,265.06871128082275,266.88587975502014,0.9312,2
EIFICA,2.0,0.03,0.06,200,500,116598.12714173256,233.47022438049316,234.6530089378357,0.9854,2
ExactLHS,2.0,0.03,0.06,200,100,107556.31639466283,2940.070230484009,2941.35861825943,0.7576,2
ExactLHS,2.0,0.03,0.06,200,500,116680.39756130092,700.5474622249603,701.7402188777924,0.7374,2
EIFICA,2.0,0.03,0.06,200,600,106822.03530875302,245.97111701965332,247.8221733570099,0.9528,2
EIFICA,2.0,0.03,0.06,200,700,130186.11154170643,229.39486598968506,230.5498116016388,0.9996,2
ExactLHS,2.0,0.03,0.06,100,800,111916.81771375613,7205.610610961914,7206.768324375153,0.5854,9
EIFICA,2.0,0.03,0.06,200,800,111167.65976164212,278.7124214172363,280.48175024986267,0.96,2
ExactLHS,2.0,0.03,0.06,200,700,130186.25386277463,1675.1413643360138,1676.3147330284119,0.7416,2
EIFICA,2.0,0.03,0.06,200,900,107020.0201322113,285.6681501865387,287.46457695961,0.9848,2
ExactLHS,2.0,0.03,0.06,200,600,107225.24685152179,2381.2843148708344,2382.4838922023773,0.6058,2
EIFICA,2.0,0.06,0.06,50,0,131939.861138403,27.674670934677124,29.43814182281494,0.9072,2
ExactLHS,2.0,0.06,0.06,50,0,133137.19413717123,50.24525547027588,51.454041719436646,0.813,2
EIFICA,2.0,0.06,0.06,50,100,106261.33010365872,27.954027891159058,29.12714672088623,0.8434,2
ExactLHS,2.0,0.06,0.06,50,100,106685.72020217344,95.41478323936462,97.23500919342041,0.6042,2
EIFICA,2.0,0.06,0.06,50,200,122394.26732546852,29.88566279411316,31.128563404083252,0.7108,2
ExactLHS,2.0,0.06,0.06,50,200,123940.92703835297,53.34015202522278,54.70849633216858,0.6694,2
EIFICA,2.0,0.06,0.06,50,300,114373.34130603017,28.820844411849976,30.04233169555664,0.9366,2
ExactLHS,2.0,0.06,0.06,50,300,115467.5667367403,52.985759019851685,54.220412492752075,0.6842,2
EIFICA,2.0,0.06,0.06,50,400,116577.16916252172,29.26641869544983,30.514907121658325,0.9038,2
ExactLHS,2.0,0.06,0.06,50,400,118108.21208377527,294.2857255935669,295.4422972202301,0.6472,2
EIFICA,2.0,0.06,0.06,50,500,115999.20489981974,27.12641477584839,28.94553828239441,0.908,2
ExactLHS,2.0,0.06,0.06,50,500,116020.28944904523,118.15502905845642,119.37309169769287,0.736,2
EIFICA,2.0,0.06,0.06,50,600,105983.62524749762,30.23269820213318,32.07791757583618,0.8042,2
ExactLHS,2.0,0.06,0.06,50,600,106380.10822750322,72.6152138710022,73.82385230064392,0.6452,2
EIFICA,2.0,0.06,0.06,50,700,129566.16869421382,25.587696313858032,27.41678500175476,0.991,2
ExactLHS,2.0,0.06,0.06,50,700,130807.12553022917,55.671027183532715,56.94552159309387,0.6876,2
EIFICA,2.0,0.06,0.06,50,800,110416.63582093369,28.397453546524048,30.270586013793945,0.809,2
ExactLHS,2.0,0.06,0.06,50,800,110416.34739999252,124.8665041923523,126.13037705421448,0.6324,2
EIFICA,2.0,0.06,0.06,50,900,106460.40026837429,26.35845112800598,28.167647123336792,0.9518,2
ExactLHS,2.0,0.06,0.06,50,900,107532.77229969701,54.911109924316406,56.11635899543762,0.6682,2
ExactLHS,2.0,0.03,0.06,200,800,111530.29593563812,2337.087079524994,2338.257472038269,0.6888,2
EIFICA,2.0,0.06,0.06,80,0,131965.25138646367,50.00759935379028,51.82656216621399,0.9362,2
EIFICA,2.0,0.06,0.06,80,100,106274.06243986501,47.71402382850647,49.00067853927612,0.8896,2
ExactLHS,2.0,0.06,0.06,80,100,106336.91101383202,74.12399363517761,75.52127504348755,0.6858,2
ExactLHS,2.0,0.06,0.06,80,0,132978.3068159989,191.13833832740784,192.90994215011597,0.6588,2
EIFICA,2.0,0.06,0.06,80,200,122411.09023228032,45.09968280792236,46.909071922302246,0.9006,2
EIFICA,2.0,0.06,0.06,80,300,114373.34130987403,43.44033694267273,44.70401930809021,0.9366,2
ExactLHS,2.0,0.06,0.06,80,300,115317.43513243012,102.30431270599365,103.70184803009033,0.6696,2
ExactLHS,2.0,0.06,0.06,80,200,122981.57717934967,171.38959074020386,172.62862825393677,0.6682,2
EIFICA,2.0,0.06,0.06,80,400,116577.16916200747,45.723092555999756,47.581604957580566,0.9058,2
EIFICA,2.0,0.06,0.06,80,500,115999.52666438624,36.906476736068726,38.13427209854126,0.9092,2
ExactLHS,2.0,0.06,0.06,80,400,117134.68327987792,159.1337752342224,160.3001527786255,0.6454,2
ExactLHS,2.0,0.03,0.06,200,900,107620.39345524051,1872.6314225196838,1873.8553445339203,0.7414,2
ExactLHS,2.0,0.06,0.06,80,500,117034.0644010323,98.2206072807312,99.60317921638489,0.6634,2
EIFICA,2.0,0.06,0.06,80,600,106023.26397645683,44.54035210609436,46.3504273891449,0.8524,2
EIFICA,2.0,0.06,0.06,80,700,129566.16869263319,41.88307309150696,43.704771518707275,0.991,2
EIFICA,2.0,0.06,0.06,80,800,110417.95505382473,43.749632835388184,44.962186098098755,0.8212,2
ExactLHS,2.0,0.06,0.06,80,700,130007.64933210095,98.71700835227966,99.89334106445312,0.7486,2
EIFICA,2.0,0.06,0.06,80,900,106460.85303935646,43.00900101661682,44.70768094062805,0.98,2
ExactLHS,2.0,0.06,0.06,80,800,110946.74310979972,89.03601217269897,90.38916873931885,0.65,2
ExactLHS,2.0,0.06,0.06,80,600,106248.81032614404,203.31728434562683,205.00843048095703,0.6696,2
ExactLHS,2.0,0.06,0.06,80,900,107385.50897160871,83.27392601966858,84.42220067977905,0.6374,2
EIFICA,2.0,0.06,0.06,100,0,131965.4911959746,96.17779850959778,98.00181460380554,0.9368,2
EIFICA,2.0,0.06,0.06,100,100,106280.29404790394,92.71027755737305,94.44175004959106,0.91,2
EIFICA,2.0,0.06,0.06,100,200,122411.09023218114,90.18660855293274,91.33834385871887,0.9006,2
ExactLHS,2.0,0.06,0.06,100,100,107147.06273736143,232.16227793693542,233.39095258712769,0.8046,2
EIFICA,2.0,0.06,0.06,100,300,114373.34131220952,90.14865565299988,91.98675322532654,0.9366,2
ExactLHS,2.0,0.06,0.06,100,300,115514.38834946339,134.65526676177979,135.88739681243896,0.6178,2
EIFICA,2.0,0.06,0.06,100,400,116581.87177452247,85.56659197807312,87.40264129638672,0.9034,2
ExactLHS,2.0,0.06,0.06,100,200,122590.6046888321,452.59647512435913,453.97037959098816,0.6684,2
EIFICA,2.0,0.06,0.06,100,500,116016.67398326551,106.6735246181488,108.49983096122742,0.9428,2
ExactLHS,2.0,0.06,0.06,100,500,116038.23145814941,331.9877302646637,333.1992681026459,0.7372,2
EIFICA,2.0,0.06,0.06,100,600,106036.59120505626,85.00033903121948,86.83123564720154,0.9042,2
ExactLHS,2.0,0.06,0.06,100,400,117363.24689662916,729.6044182777405,730.8357346057892,0.6968,2
EIFICA,2.0,0.06,0.06,100,700,129566.16869257856,73.60219025611877,75.42940950393677,0.991,2
ExactLHS,2.0,0.06,0.06,100,600,106861.45071195385,353.6149482727051,354.83646154403687,0.7074,2
ExactLHS,2.0,0.06,0.06,100,700,130807.34622912954,151.41260814666748,152.63577365875244,0.7466,2
EIFICA,2.0,0.06,0.06,100,800,110429.77836456249,85.37424445152283,87.20552563667297,0.8598,2
ExactLHS,2.0,0.03,0.06,200,400,119053.8491842726,7207.010740280151,7208.737760782242,0.6716,9
ExactLHS,2.0,0.06,0.06,100,900,107023.42553860173,115.70081210136414,116.86445116996765,0.6726,2
ExactLHS,2.0,0.06,0.06,100,800,110580.01489008879,250.30163073539734,252.10195112228394,0.6226,2
EIFICA,2.0,0.06,0.06,100,900,106460.89423191895,175.1466977596283,176.36810564994812,0.982,2
EIFICA,2.0,0.06,0.06,150,0,131968.98063024672,268.15415024757385,269.34527587890625,0.9364,2
EIFICA,2.0,0.06,0.06,150,100,106287.2075370202,292.8141803741455,294.12801718711853,0.916,2
EIFICA,2.0,0.06,0.06,150,200,122411.09023221447,241.59038662910461,242.96490144729614,0.9006,2
ExactLHS,2.0,0.06,0.06,150,0,132163.2235127486,616.932948589325,618.0977194309235,0.6528,2
ExactLHS,2.0,0.06,0.06,150,100,107403.04805268717,384.1052222251892,385.25510573387146,0.707,2
EIFICA,2.0,0.06,0.06,150,300,114376.52418909245,276.88596057891846,278.639643907547,0.9538,2
ExactLHS,2.0,0.06,0.06,150,300,115533.83323775888,282.2589633464813,283.4896807670593,0.6804,2
ExactLHS,2.0,0.06,0.06,150,200,123068.66640255188,424.0533127784729,425.3695693016052,0.6752,2
EIFICA,2.0,0.06,0.06,150,400,116596.8480781578,235.71473002433777,236.90907907485962,0.9118,2
EIFICA,2.0,0.06,0.06,150,500,116026.6910554099,200.35191917419434,202.16089534759521,0.9786,2
EIFICA,2.0,0.06,0.06,150,600,106037.11128629313,285.09811449050903,286.2662832736969,0.9024,2
ExactLHS,2.0,0.06,0.06,150,500,116044.95728676143,378.7029490470886,380.2199809551239,0.6852,2
ExactLHS,2.0,0.06,0.06,150,400,116910.36672144143,748.4495673179626,749.5761535167694,0.6642,2
EIFICA,2.0,0.06,0.06,150,700,129567.15859798461,188.27195072174072,190.07991075515747,0.999,2
EIFICA,2.0,0.06,0.06,150,800,110462.17562236119,242.35011529922485,243.56997156143188,0.9334,2
ExactLHS,2.0,0.06,0.06,150,600,107041.7454366283,628.402277469635,629.7973330020905,0.6734,2
ExactLHS,2.0,0.06,0.06,150,700,130061.64536740392,530.0432019233704,531.3169753551483,0.6876,2
EIFICA,2.0,0.06,0.06,150,900,106461.11622270466,278.764945268631,280.73190355300903,0.9976,2
EIFICA,2.0,0.06,0.06,200,0,131988.07908565545,15.908388137817383,17.082266569137573,0.961,2
ExactLHS,2.0,0.06,0.06,150,800,110682.54551587909,467.79381918907166,469.0966601371765,0.6576,2
EIFICA,2.0,0.06,0.06,200,100,106304.58865380847,15.274232864379883,16.969860553741455,0.9358,2
ExactLHS,2.0,0.06,0.06,150,900,107185.29833138362,273.7165684700012,275.4415488243103,0.6852,2
EIFICA,2.0,0.06,0.06,200,200,122413.72388887491,15.754771947860718,16.897338151931763,0.9136,2
ExactLHS,2.0,0.06,0.06,200,100,106575.70212013388,772.6236732006073,773.7985577583313,0.6678,2
EIFICA,2.0,0.06,0.06,200,300,114383.21424110865,16.044965028762817,17.77723503112793,0.965,2
ExactLHS,2.0,0.06,0.06,200,0,133823.58556716194,1395.3711941242218,1396.5556271076202,0.6742,2
EIFICA,2.0,0.06,0.06,200,400,116599.98200029635,16.14524483680725,18.104392766952515,0.9272,2
ExactLHS,2.0,0.06,0.06,200,200,123009.37674106946,1606.9014728069305,1608.0801556110382,0.6746,2
EIFICA,2.0,0.06,0.06,200,500,116026.69064520813,15.467955112457275,17.238256216049194,0.9786,2
ExactLHS,2.0,0.06,0.06,200,400,117302.88376741401,1090.365969657898,1091.595340013504,0.6654,2
EIFICA,2.0,0.06,0.06,200,600,106040.25669073264,15.635822296142578,16.8528470993042,0.9244,2
ExactLHS,2.0,0.06,0.06,200,300,114505.81573066731,2081.9241585731506,2083.1076231002808,0.809,2
EIFICA,2.0,0.06,0.06,200,700,129567.16000214801,15.41318130493164,17.173391580581665,0.999,2
ExactLHS,2.0,0.06,0.06,100,0,134883.09039071688,7205.50878071785,7206.664175748825,0.6818,9
EIFICA,2.0,0.06,0.06,200,800,110465.08611285462,15.30806016921997,17.00290608406067,0.9378,2
ExactLHS,2.0,0.06,0.06,200,500,116258.69121871577,1537.4487040042877,1538.674961090088,0.6852,2
EIFICA,2.0,0.06,0.06,200,900,106461.11623595656,14.740785598754883,16.47969937324524,0.997,2
ExactLHS,2.0,0.06,0.06,200,700,129692.61710268944,560.0939660072327,561.2834467887878,0.7486,2
ExactLHS,2.0,0.06,0.06,200,900,106461.1162073108,890.031745672226,891.2049736976624,0.6876,2
ExactLHS,2.0,0.06,0.06,200,800,111224.49430996194,1214.2177698612213,1215.413054227829,0.593,2
ExactLHS,2.0,0.06,0.06,200,600,106212.77484961752,1903.7379925251007,1905.0013325214386,0.7046,2
