method,num_ESS,epsilon,theta,N_WDR,seed,status,obj_value,solve_time,wall_time,satisfied_rate,network,num_gen,timestamp
EIFICA,6,0.03,0.06,50,10000,OK,2157201.29784643,93.72585487365723,96.155517578125,0.4336,case118,38,2026-04-22 21:15:38
EIFICA,6,0.03,0.06,50,30000,OK,2059112.4364478313,94.01188254356384,96.46479344367981,0.1794,case118,38,2026-04-22 21:15:39
EIFICA,6,0.03,0.06,50,0,OK,2487150.8640080616,94.9067325592041,97.37441039085388,0.3438,case118,38,2026-04-22 21:15:40
EIFICA,6,0.03,0.06,50,20000,OK,2210964.646882271,95.90846061706543,98.42010164260864,0.0238,case118,38,2026-04-22 21:15:41
EIFICA,6,0.03,0.06,50,40000,OK,2052648.584643186,93.20052742958069,95.08730387687683,0.374,case118,38,2026-04-22 21:17:14
EIFICA,6,0.03,0.06,80,10000,OK,2157205.0991639304,107.81547689437866,109.69619274139404,0.9304,case118,38,2026-04-22 21:17:30
EIFICA,6,0.03,0.06,80,20000,OK,2210982.251456152,109.67912459373474,111.55058717727661,0.3224,case118,38,2026-04-22 21:17:33
EIFICA,6,0.03,0.06,80,0,OK,2487150.864054984,117.24441957473755,119.13368940353394,0.3586,case118,38,2026-04-22 21:17:38
EIFICA,6,0.03,0.06,80,30000,OK,2059119.8429963929,116.9836151599884,118.8588616847992,0.2938,case118,38,2026-04-22 21:19:13
EIFICA,6,0.03,0.06,100,0,OK,2487151.449219058,109.3971164226532,111.27307605743408,0.5098,case118,38,2026-04-22 21:19:24
EIFICA,6,0.03,0.06,80,40000,OK,2052648.9512362934,113.50392246246338,115.41841268539429,0.5646,case118,38,2026-04-22 21:19:26
EIFICA,6,0.03,0.06,100,10000,OK,2157205.0991995805,109.97531723976135,112.37915372848511,0.941,case118,38,2026-04-22 21:19:33
EIFICA,6,0.03,0.06,100,20000,OK,2210986.090764034,108.10942029953003,109.95550036430359,0.9438,case118,38,2026-04-22 21:21:03
EIFICA,6,0.03,0.06,100,30000,OK,2059125.6168846413,108.56308221817017,110.39840459823608,0.6174,case118,38,2026-04-22 21:21:15
EIFICA,6,0.03,0.06,100,40000,OK,2052649.1412125062,109.42808723449707,111.3089189529419,0.9974,case118,38,2026-04-22 21:21:17
EIFICA,6,0.03,0.06,150,0,OK,2487151.4492189386,123.59755778312683,125.48047423362732,0.5142,case118,38,2026-04-22 21:21:39
EIFICA,6,0.03,0.06,150,10000,OK,2157205.9503032095,122.54414057731628,124.3793363571167,0.9542,case118,38,2026-04-22 21:23:08
EIFICA,6,0.03,0.06,150,20000,OK,2210986.922477178,122.85590028762817,124.71765804290771,0.946,case118,38,2026-04-22 21:23:20
EIFICA,6,0.03,0.06,150,30000,OK,2059127.0044938154,123.89563989639282,125.78714084625244,0.9886,case118,38,2026-04-22 21:23:23
EIFICA,6,0.03,0.06,150,40000,OK,2052649.141211057,123.73812794685364,125.5853111743927,0.9994,case118,38,2026-04-22 21:23:45
EIFICA,6,0.03,0.06,200,0,OK,2487153.9809043254,137.63488578796387,139.4714970588684,0.9922,case118,38,2026-04-22 21:25:28
EIFICA,6,0.03,0.06,200,10000,OK,2157207.864346522,139.43239855766296,141.46891593933105,0.9746,case118,38,2026-04-22 21:25:42
EIFICA,6,0.03,0.06,200,20000,OK,2210986.922503122,139.10533690452576,141.0001232624054,0.9466,case118,38,2026-04-22 21:25:45
EIFICA,6,0.03,0.06,200,30000,OK,2059127.004504878,139.54481053352356,141.4099884033203,0.9888,case118,38,2026-04-22 21:26:07
EIFICA,6,0.03,0.06,200,40000,OK,2052649.1413055097,137.93082642555237,139.760479927063,0.9996,case118,38,2026-04-22 21:27:49
EIFICA,6,0.03,0.06,250,0,OK,2487153.9808983565,154.3505344390869,156.22150254249573,0.992,case118,38,2026-04-22 21:28:19
EIFICA,6,0.03,0.06,250,10000,OK,2157210.5713731865,154.14143085479736,156.5592179298401,0.9774,case118,38,2026-04-22 21:28:24
EIFICA,6,0.03,0.06,250,20000,OK,2210986.922454909,153.02345180511475,154.88157606124878,0.9468,case118,38,2026-04-22 21:28:43
EIFICA,6,0.03,0.06,250,30000,OK,2059127.00461839,152.50637769699097,154.8905372619629,0.9886,case118,38,2026-04-22 21:30:26
EIFICA,6,0.03,0.06,250,40000,OK,2052649.1412685937,153.39749145507812,155.29918551445007,0.9996,case118,38,2026-04-22 21:30:56
EIFICA,6,0.03,0.06,300,0,OK,2487153.98091082,173.46658277511597,175.34607005119324,0.9968,case118,38,2026-04-22 21:31:21
EIFICA,6,0.03,0.06,300,10000,OK,2157210.683653789,171.26092219352722,173.14040207862854,0.9782,case118,38,2026-04-22 21:31:37
EIFICA,6,0.03,0.06,300,20000,OK,2210989.320974563,168.5722153186798,170.39694118499756,0.9534,case118,38,2026-04-22 21:33:18
EIFICA,6,0.05,0.1,50,0,OK,2487150.8640115773,105.28559184074402,107.17974734306335,0.347,case118,38,2026-04-22 21:33:25
EIFICA,6,0.03,0.06,300,30000,OK,2059127.0046356851,169.85315918922424,171.7279372215271,0.989,case118,38,2026-04-22 21:33:48
EIFICA,6,0.03,0.06,300,40000,OK,2052649.1412628735,172.85310459136963,174.75957822799683,0.9996,case118,38,2026-04-22 21:34:17
EIFICA,6,0.05,0.1,50,10000,OK,2157201.2978466614,103.49439287185669,105.3843457698822,0.4392,case118,38,2026-04-22 21:35:04
EIFICA,6,0.05,0.1,50,20000,OK,2210977.6658530673,105.28226900100708,107.19308972358704,0.089,case118,38,2026-04-22 21:35:12
EIFICA,6,0.05,0.1,50,30000,OK,2059125.4992989772,99.48843741416931,101.3518419265747,0.392,case118,38,2026-04-22 21:35:31
EIFICA,6,0.05,0.1,50,40000,OK,2052649.1114939556,103.32448840141296,105.2226083278656,0.714,case118,38,2026-04-22 21:36:03
EIFICA,6,0.05,0.1,80,0,OK,2487153.9809081745,104.15023732185364,106.01387786865234,0.9842,case118,38,2026-04-22 21:36:50
EIFICA,6,0.05,0.1,80,10000,OK,2157205.0991637935,106.43133664131165,108.82545447349548,0.944,case118,38,2026-04-22 21:37:03
EIFICA,6,0.05,0.1,80,20000,OK,2210984.590528673,104.6531012058258,106.49211764335632,0.9498,case118,38,2026-04-22 21:37:18
EIFICA,6,0.05,0.1,80,30000,OK,2059127.0044843205,105.63995146751404,107.52213549613953,0.9834,case118,38,2026-04-22 21:37:51
EIFICA,6,0.05,0.1,80,40000,OK,2052649.1412097015,103.50936555862427,105.3393907546997,0.9972,case118,38,2026-04-22 21:38:36
EIFICA,6,0.05,0.1,100,0,OK,2487153.9809686462,112.31024360656738,114.15666699409485,0.9842,case118,38,2026-04-22 21:38:58
EIFICA,6,0.05,0.1,100,10000,OK,2157205.0991638084,110.80694508552551,112.76412272453308,0.9484,case118,38,2026-04-22 21:39:11
EIFICA,6,0.05,0.1,100,20000,OK,2210986.090911171,111.41952443122864,113.29974913597107,0.9456,case118,38,2026-04-22 21:39:44
EIFICA,6,0.05,0.1,100,30000,OK,2059127.0044939695,109.62429118156433,111.42708897590637,0.9892,case118,38,2026-04-22 21:40:28
EIFICA,6,0.05,0.1,100,40000,OK,2052649.1412095272,113.3165123462677,115.19895458221436,0.9988,case118,38,2026-04-22 21:40:54
EIFICA,6,0.05,0.1,150,0,OK,2487153.9809061717,125.60664772987366,127.4363911151886,0.9782,case118,38,2026-04-22 21:41:18
EIFICA,6,0.05,0.1,150,10000,OK,2157207.8643464427,127.31627297401428,129.32200169563293,0.973,case118,38,2026-04-22 21:41:54
EIFICA,6,0.05,0.1,150,20000,OK,2210986.968077266,124.32747268676758,126.13452458381653,0.9562,case118,38,2026-04-22 21:42:34
EIFICA,6,0.05,0.1,150,30000,OK,2059127.004487764,127.70051264762878,129.53937315940857,0.9888,case118,38,2026-04-22 21:43:04
EIFICA,6,0.05,0.1,150,40000,OK,2052649.1412238323,125.76146149635315,127.5835828781128,0.9998,case118,38,2026-04-22 21:43:27
EIFICA,6,0.05,0.1,200,0,OK,2487153.980915101,145.83641695976257,147.68029880523682,0.9982,case118,38,2026-04-22 21:44:22
EIFICA,6,0.05,0.1,200,10000,OK,2157207.8643685845,143.03249144554138,144.83927750587463,0.9752,case118,38,2026-04-22 21:45:00
EIFICA,6,0.05,0.1,200,20000,OK,2210986.968020766,145.56208729743958,147.42664408683777,0.9564,case118,38,2026-04-22 21:45:32
EIFICA,6,0.05,0.1,200,30000,OK,2059127.00460142,143.63153767585754,145.59496903419495,0.9888,case118,38,2026-04-22 21:45:53
EIFICA,6,0.05,0.1,200,40000,OK,2052649.141289436,144.19954419136047,146.61534214019775,0.9996,case118,38,2026-04-22 21:46:52
EIFICA,6,0.05,0.1,250,0,OK,2487153.9808985093,156.2010018825531,158.03888058662415,0.998,case118,38,2026-04-22 21:47:38
EIFICA,6,0.05,0.1,250,10000,OK,2157210.5715441606,159.90498304367065,161.86444735527039,0.9782,case118,38,2026-04-22 21:48:14
EIFICA,6,0.05,0.1,250,20000,OK,2210986.9680234394,156.37852716445923,158.21531748771667,0.9564,case118,38,2026-04-22 21:48:32
EIFICA,6,0.05,0.1,250,30000,OK,2059127.0045492952,157.48853039741516,159.34021735191345,0.9882,case118,38,2026-04-22 21:49:32
EIFICA,6,0.05,0.1,250,40000,OK,2052649.1412116447,156.58591032028198,158.42153596878052,0.9998,case118,38,2026-04-22 21:50:18
EIFICA,6,0.05,0.1,300,0,OK,2487153.9808978434,176.40055441856384,178.29374527931213,0.9982,case118,38,2026-04-22 21:51:13
EIFICA,6,0.05,0.1,300,10000,OK,2157210.683745171,174.09171748161316,175.936457157135,0.9782,case118,38,2026-04-22 21:51:28
EIFICA,6,0.05,0.1,300,20000,OK,2210989.3567793216,174.44035959243774,176.3040738105774,0.9624,case118,38,2026-04-22 21:52:29
EIFICA,6,0.08,0.12,50,0,OK,2483607.6689025518,97.15136671066284,99.00000524520874,0.4744,case118,38,2026-04-22 21:53:08
EIFICA,6,0.05,0.1,300,30000,OK,2059127.0045369132,172.04052639007568,173.84549856185913,0.9888,case118,38,2026-04-22 21:53:12
EIFICA,6,0.08,0.12,50,10000,OK,2152859.1982219433,96.60413765907288,98.43874144554138,0.908,case118,38,2026-04-22 21:54:09
EIFICA,6,0.05,0.1,300,40000,OK,2052649.1413546717,176.11010098457336,177.9794225692749,0.9998,case118,38,2026-04-22 21:54:12
EIFICA,6,0.08,0.12,50,20000,OK,2206924.3964408003,96.87334036827087,98.73257756233215,0.5128,case118,38,2026-04-22 21:54:47
EIFICA,6,0.08,0.12,50,30000,OK,2055272.3945299247,95.86113500595093,97.68282794952393,0.9472,case118,38,2026-04-22 21:54:51
EIFICA,6,0.08,0.12,50,40000,OK,2049530.609702172,96.85095691680908,98.67947602272034,0.9892,case118,38,2026-04-22 21:55:48
EIFICA,6,0.08,0.12,80,0,OK,2483609.545489227,108.53453350067139,110.38519620895386,0.9826,case118,38,2026-04-22 21:56:04
EIFICA,6,0.08,0.12,80,10000,OK,2152861.9135779063,106.28341960906982,108.13498497009277,0.9574,case118,38,2026-04-22 21:56:36
EIFICA,6,0.08,0.12,80,20000,OK,2206928.394179255,105.84558629989624,107.64901280403137,0.932,case118,38,2026-04-22 21:56:39
EIFICA,6,0.08,0.12,80,30000,OK,2055272.394529663,106.8913643360138,108.71927404403687,0.982,case118,38,2026-04-22 21:57:37
EIFICA,6,0.08,0.12,80,40000,OK,2049530.6097025848,107.94333577156067,109.81449007987976,0.9974,case118,38,2026-04-22 21:57:54
EIFICA,6,0.08,0.12,100,0,OK,2483609.5455236346,114.54139232635498,116.4097146987915,0.9854,case118,38,2026-04-22 21:58:33
EIFICA,6,0.08,0.12,100,10000,OK,2152861.913577441,112.98599362373352,114.7844409942627,0.9618,case118,38,2026-04-22 21:58:34
EIFICA,6,0.08,0.12,100,20000,OK,2206929.450412611,113.64571166038513,115.46648788452148,0.93,case118,38,2026-04-22 21:59:33
EIFICA,6,0.08,0.12,100,30000,OK,2055272.3945300397,115.6447548866272,117.65185260772705,0.9882,case118,38,2026-04-22 21:59:52
EIFICA,6,0.08,0.12,100,40000,OK,2049530.6097066184,113.90572500228882,115.76867270469666,0.9984,case118,38,2026-04-22 22:00:29
EIFICA,6,0.08,0.12,150,0,OK,2483609.545487766,128.13987278938293,130.49939036369324,0.9962,case118,38,2026-04-22 22:00:47
EIFICA,6,0.08,0.12,150,10000,OK,2152863.2932045716,130.09055590629578,131.90545296669006,0.9718,case118,38,2026-04-22 22:01:45
EIFICA,6,0.08,0.12,150,20000,OK,2206931.180469856,132.9637269973755,134.84233903884888,0.9802,case118,38,2026-04-22 22:02:07
EIFICA,6,0.08,0.12,150,30000,OK,2055272.3945298968,130.50587940216064,132.36087203025818,0.9882,case118,38,2026-04-22 22:02:42
EIFICA,6,0.08,0.12,150,40000,OK,2049530.6097179267,127.57346224784851,129.4029495716095,0.9998,case118,38,2026-04-22 22:02:57
EIFICA,6,0.08,0.12,200,0,OK,2483609.545568187,146.46046662330627,148.28655862808228,0.9974,case118,38,2026-04-22 22:04:14
EIFICA,6,0.08,0.12,200,10000,OK,2152863.789225089,149.31802415847778,151.32489275932312,0.9746,case118,38,2026-04-22 22:04:39
EIFICA,6,0.08,0.12,200,20000,OK,2206931.1805294845,148.13066291809082,149.99744725227356,0.9802,case118,38,2026-04-22 22:05:12
EIFICA,6,0.08,0.12,200,30000,OK,2055272.394741604,145.94520163536072,147.76756072044373,0.9876,case118,38,2026-04-22 22:05:25
EIFICA,6,0.08,0.12,200,40000,OK,2049530.609703484,147.02277898788452,148.84655237197876,0.9998,case118,38,2026-04-22 22:06:43
EIFICA,6,0.08,0.12,250,0,OK,2483609.5455359602,164.76315808296204,166.5873556137085,0.998,case118,38,2026-04-22 22:07:27
EIFICA,6,0.08,0.12,250,10000,OK,2152866.835691481,166.31230401992798,168.16673469543457,0.98,case118,38,2026-04-22 22:08:01
EIFICA,6,0.08,0.12,250,20000,OK,2206931.180698507,162.15957856178284,163.97901153564453,0.9802,case118,38,2026-04-22 22:08:10
EIFICA,6,0.08,0.12,250,30000,OK,2055272.394532302,164.9262571334839,166.74552369117737,0.9868,case118,38,2026-04-22 22:09:31
EIFICA,6,0.08,0.12,250,40000,OK,2049530.6097024658,165.8021900653839,167.65915822982788,0.9998,case118,38,2026-04-22 22:10:15
EIFICA,6,0.08,0.12,300,0,OK,2483609.5454827435,183.29315757751465,185.1633677482605,0.998,case118,38,2026-04-22 22:11:07
EIFICA,6,0.08,0.12,300,10000,OK,2152866.961785442,178.94469594955444,180.74339365959167,0.98,case118,38,2026-04-22 22:11:12
EIFICA,6,0.08,0.12,300,20000,OK,2206933.428119429,181.6200032234192,183.44620060920715,0.9852,case118,38,2026-04-22 22:12:35
EIFICA,6,0.1,0.15,50,0,OK,2483607.668963855,96.60090327262878,98.53565239906311,0.4912,case118,38,2026-04-22 22:12:51
EIFICA,6,0.08,0.12,300,30000,OK,2055272.3945303024,185.07842183113098,186.94920134544373,0.9872,case118,38,2026-04-22 22:13:23
EIFICA,6,0.08,0.12,300,40000,OK,2049530.6097025,183.36697435379028,185.24710702896118,0.9998,case118,38,2026-04-22 22:14:14
EIFICA,6,0.1,0.15,50,10000,OK,2152859.198222439,97.62480401992798,99.4421157836914,0.9134,case118,38,2026-04-22 22:14:16
EIFICA,6,0.1,0.15,50,20000,OK,2206924.4088778733,96.31367206573486,98.12848472595215,0.545,case118,38,2026-04-22 22:14:29
EIFICA,6,0.1,0.15,50,30000,OK,2055272.394530139,99.723637342453,101.5731053352356,0.953,case118,38,2026-04-22 22:15:06
EIFICA,6,0.1,0.15,50,40000,OK,2049530.6097145176,97.59879183769226,99.48517370223999,0.9932,case118,38,2026-04-22 22:15:54
EIFICA,6,0.1,0.15,80,0,OK,2483609.5455000484,108.52729654312134,110.48233270645142,0.982,case118,38,2026-04-22 22:16:06
EIFICA,6,0.1,0.15,80,10000,OK,2152863.705599105,106.95004844665527,108.76071834564209,0.9698,case118,38,2026-04-22 22:16:18
EIFICA,6,0.1,0.15,80,20000,OK,2206928.450502222,110.32393527030945,112.17646932601929,0.9412,case118,38,2026-04-22 22:16:58
EIFICA,6,0.1,0.15,80,30000,OK,2055272.3945301627,108.7905695438385,110.6855092048645,0.9852,case118,38,2026-04-22 22:17:45
EIFICA,6,0.1,0.15,80,40000,OK,2049530.6097235878,108.54296326637268,110.3646011352539,0.9986,case118,38,2026-04-22 22:17:57
EIFICA,6,0.1,0.15,100,0,OK,2483609.545489659,114.60953164100647,116.42431616783142,0.9864,case118,38,2026-04-22 22:18:15
EIFICA,6,0.1,0.15,100,10000,OK,2152863.705525715,119.25667762756348,121.09166193008423,0.973,case118,38,2026-04-22 22:19:00
EIFICA,6,0.1,0.15,100,20000,OK,2206929.5067254365,116.42249917984009,118.30864000320435,0.9398,case118,38,2026-04-22 22:19:44
EIFICA,6,0.1,0.15,100,30000,OK,2055272.3945300067,115.61600089073181,117.43548107147217,0.9878,case118,38,2026-04-22 22:19:55
EIFICA,6,0.1,0.15,100,40000,OK,2049530.609704493,114.81907677650452,116.63497233390808,0.9992,case118,38,2026-04-22 22:20:12
EIFICA,6,0.1,0.15,150,0,OK,2483609.5455020634,134.11536192893982,135.96784687042236,0.9948,case118,38,2026-04-22 22:21:16
EIFICA,6,0.1,0.15,150,10000,OK,2152863.7892514644,132.7411458492279,134.61069631576538,0.974,case118,38,2026-04-22 22:21:59
EIFICA,6,0.1,0.15,150,20000,OK,2206931.1803307007,131.8896622657776,133.82546067237854,0.9802,case118,38,2026-04-22 22:22:09
EIFICA,6,0.1,0.15,150,30000,OK,2055272.3947485783,129.9945149421692,131.7973997592926,0.9876,case118,38,2026-04-22 22:22:24
EIFICA,6,0.1,0.15,150,40000,OK,2049530.6097029536,134.5548119544983,136.54635381698608,0.9998,case118,38,2026-04-22 22:23:33
EIFICA,6,0.1,0.15,200,0,OK,2483609.545488264,150.21145057678223,152.07613921165466,0.9972,case118,38,2026-04-22 22:24:31
EIFICA,6,0.1,0.15,200,10000,OK,2152863.789240733,150.27554416656494,152.12056469917297,0.9746,case118,38,2026-04-22 22:24:42
EIFICA,6,0.1,0.15,200,20000,OK,2206931.1803379236,148.07637763023376,149.87980675697327,0.9802,case118,38,2026-04-22 22:24:55
EIFICA,6,0.1,0.15,200,30000,OK,2055272.394544812,153.41865849494934,155.26197409629822,0.9868,case118,38,2026-04-22 22:26:09
EIFICA,6,0.1,0.15,200,40000,OK,2049530.609749961,152.52057790756226,154.94912576675415,0.9998,case118,38,2026-04-22 22:27:09
EIFICA,6,0.1,0.15,250,0,OK,2483609.5454949224,168.93060541152954,170.808420419693,0.997,case118,38,2026-04-22 22:27:33
EIFICA,6,0.1,0.15,250,10000,OK,2152866.8367018276,166.20609545707703,168.00971245765686,0.9798,case118,38,2026-04-22 22:27:44
EIFICA,6,0.1,0.15,250,20000,OK,2206931.3732281714,171.6187379360199,173.5944366455078,0.9806,case118,38,2026-04-22 22:29:03
EIFICA,6,0.1,0.15,250,30000,OK,2055272.3945306917,170.2545783519745,172.13306760787964,0.9862,case118,38,2026-04-22 22:30:02
EIFICA,6,0.1,0.15,250,40000,OK,2049530.6098002573,168.89451670646667,170.7764675617218,0.9998,case118,38,2026-04-22 22:30:25
EIFICA,6,0.1,0.15,300,0,OK,2483609.5454913927,183.74167895317078,185.5475616455078,0.9978,case118,38,2026-04-22 22:30:50
EIFICA,6,0.1,0.15,300,10000,OK,2152866.9618030624,190.13041996955872,191.9901213645935,0.9798,case118,38,2026-04-22 22:32:16
EIFICA,6,0.1,0.15,300,20000,OK,2206933.5706403507,190.3822944164276,192.25086402893066,0.9854,case118,38,2026-04-22 22:33:16
EIFICA,6,0.1,0.15,300,30000,OK,2055272.3947443883,191.78051471710205,194.2047142982483,0.9872,case118,38,2026-04-22 22:33:42
EIFICA,6,0.1,0.15,300,40000,OK,2049530.609948537,189.7721405029297,192.1853380203247,0.9998,case118,38,2026-04-22 22:34:05
FICA,6,0.03,0.06,50,10000,OK,2157202.399323505,100.74882912635803,103.1967921257019,0.8936,case118,38,2026-04-22 22:41:45
FICA,6,0.03,0.06,50,0,OK,2487153.980895771,101.21986603736877,103.7047131061554,0.9406,case118,38,2026-04-22 22:41:46
FICA,6,0.03,0.06,50,20000,OK,2210980.767606311,98.86414861679077,100.72626233100891,0.9368,case118,38,2026-04-22 22:43:27
FICA,6,0.03,0.06,50,30000,OK,2059127.0044801012,100.04119348526001,101.92893862724304,0.9608,case118,38,2026-04-22 22:43:28
FICA,6,0.03,0.06,50,40000,OK,2052649.1412075397,99.02895832061768,100.88296866416931,0.9938,case118,38,2026-04-22 22:45:08
FICA,6,0.03,0.06,80,0,OK,2487153.9808980823,117.52108526229858,119.3902039527893,0.9844,case118,38,2026-04-22 22:45:28
FICA,6,0.03,0.06,80,10000,OK,2157208.905457582,116.83633756637573,119.38306331634521,0.968,case118,38,2026-04-22 22:48:25
FICA,6,0.03,0.06,80,20000,OK,2210984.7899087993,119.19466042518616,121.69039869308472,0.9752,case118,38,2026-04-22 22:48:28
FICA,6,0.03,0.06,80,30000,OK,2059127.0044799638,117.82845497131348,119.74796152114868,0.9834,case118,38,2026-04-22 22:50:26
FICA,6,0.03,0.06,80,40000,OK,2052649.1412944752,118.81084108352661,120.70506763458252,0.9982,case118,38,2026-04-22 22:50:29
FICA,6,0.03,0.06,100,0,OK,2487153.9808987183,125.4182677268982,127.31898617744446,0.9894,case118,38,2026-04-22 22:52:33
FICA,6,0.03,0.06,100,10000,OK,2157208.90543358,127.78142952919006,129.68176317214966,0.9752,case118,38,2026-04-22 22:52:39
FICA,6,0.03,0.06,100,20000,OK,2210986.2945185564,126.03897905349731,127.92555522918701,0.9748,case118,38,2026-04-22 22:54:42
FICA,6,0.03,0.06,100,30000,OK,2059127.0045082825,128.2728612422943,130.12964510917664,0.9892,case118,38,2026-04-22 22:54:49
FICA,6,0.03,0.06,100,40000,OK,2052649.1412067697,125.87838673591614,127.74217057228088,0.999,case118,38,2026-04-22 22:56:50
FICA,6,0.03,0.06,150,0,OK,2487153.9809910296,148.84938192367554,150.6894657611847,0.9942,case118,38,2026-04-22 22:57:21
FICA,6,0.03,0.06,150,10000,OK,2157209.1845363504,147.3598439693451,149.22574543952942,0.9786,case118,38,2026-04-22 22:59:20
FICA,6,0.03,0.06,150,20000,OK,2210987.605185014,149.77792739868164,151.61611938476562,0.9824,case118,38,2026-04-22 22:59:53
FICA,6,0.03,0.06,150,30000,OK,2059127.0044825408,148.1940953731537,150.06613326072693,0.9884,case118,38,2026-04-22 23:01:50
FICA,6,0.03,0.06,150,40000,OK,2052649.141275236,150.57977652549744,152.43515300750732,0.9994,case118,38,2026-04-22 23:02:26
FICA,6,0.03,0.06,200,0,OK,2487153.981225088,796.0052282810211,797.8654148578644,0.9978,case118,38,2026-04-22 23:15:09
FICA,6,0.03,0.06,200,10000,OK,2157209.1845697607,802.3969051837921,804.2637403011322,0.9802,case118,38,2026-04-22 23:15:51
FICA,6,0.03,0.06,200,20000,OK,2210987.6058708727,779.8106791973114,781.683783531189,0.9828,case118,38,2026-04-22 23:28:11
FICA,6,0.03,0.06,200,30000,OK,2059127.0046445634,791.0950405597687,792.9761617183685,0.9884,case118,38,2026-04-22 23:29:05
FICA,6,0.03,0.06,200,40000,OK,2052649.1412581946,774.1082859039307,775.993378162384,0.9996,case118,38,2026-04-22 23:41:08
FICA,6,0.03,0.06,250,0,OK,2487153.981392469,1076.3013026714325,1078.155484676361,0.9982,case118,38,2026-04-22 23:47:04
FICA,6,0.03,0.06,250,10000,OK,2157212.0009558992,1101.0112044811249,1102.8746979236603,0.9824,case118,38,2026-04-22 23:59:32
FICA,6,0.03,0.06,250,20000,OK,2210987.753111637,1095.5116829872131,1097.9337222576141,0.983,case118,38,2026-04-23 00:05:25
FICA,6,0.03,0.06,250,30000,OK,2059127.0045038876,862.945901632309,864.9314486980438,0.9884,case118,38,2026-04-23 00:13:58
FICA,6,0.03,0.06,250,40000,OK,2052649.1413411433,1006.4389979839325,1008.2993638515472,0.9996,case118,38,2026-04-23 00:22:14
FICA,6,0.03,0.06,300,0,OK,2487153.9811449796,1288.3046295642853,1290.7364902496338,0.9982,case118,38,2026-04-23 00:35:32
FICA,6,0.03,0.06,300,10000,OK,2157212.129963006,1240.1432328224182,1242.0053374767303,0.9824,case118,38,2026-04-23 00:42:57
FICA,6,0.03,0.06,300,20000,OK,2210990.02488355,1248.4654114246368,1250.3876481056213,0.9872,case118,38,2026-04-23 00:56:24
FICA,6,0.03,0.06,300,30000,OK,2059127.0045570713,1275.813899755478,1278.2578570842743,0.989,case118,38,2026-04-23 01:04:19
FICA,6,0.05,0.1,50,0,OK,2487153.9809223074,103.4820511341095,105.34740161895752,0.9466,case118,38,2026-04-23 01:06:05
FICA,6,0.05,0.1,50,10000,OK,2157202.399323779,103.7547116279602,105.60187244415283,0.896,case118,38,2026-04-23 01:07:51
FICA,6,0.05,0.1,50,20000,OK,2210980.7676265123,104.63245248794556,106.46826338768005,0.944,case118,38,2026-04-23 01:09:38
FICA,6,0.05,0.1,50,30000,OK,2059127.004521458,105.5048508644104,107.45785284042358,0.9678,case118,38,2026-04-23 01:11:26
FICA,6,0.05,0.1,50,40000,OK,2052649.1412092086,103.72600960731506,105.55843043327332,0.9942,case118,38,2026-04-23 01:13:12
FICA,6,0.05,0.1,80,0,OK,2487153.9808957097,118.29696750640869,120.1392412185669,0.9878,case118,38,2026-04-23 01:15:12
FICA,6,0.05,0.1,80,10000,OK,2157208.9054048094,120.16333866119385,122.0148446559906,0.9716,case118,38,2026-04-23 01:17:14
FICA,6,0.03,0.06,300,40000,OK,2052649.1412781652,1358.9755403995514,1360.9014353752136,0.9996,case118,38,2026-04-23 01:19:06
FICA,6,0.05,0.1,80,20000,OK,2210984.789863487,119.67942476272583,121.53438591957092,0.9758,case118,38,2026-04-23 01:19:16
FICA,6,0.05,0.1,80,30000,OK,2059127.0044824802,118.35563254356384,120.86442518234253,0.9858,case118,38,2026-04-23 01:21:10
FICA,6,0.05,0.1,80,40000,OK,2052649.1412065052,116.99082207679749,118.81135416030884,0.9986,case118,38,2026-04-23 01:21:16
FICA,6,0.05,0.1,100,0,OK,2487153.9810194825,127.47971987724304,129.39063215255737,0.9904,case118,38,2026-04-23 01:23:20
FICA,6,0.05,0.1,100,10000,OK,2157208.9054217944,125.98039603233337,127.80050992965698,0.9754,case118,38,2026-04-23 01:23:24
FICA,6,0.05,0.1,100,20000,OK,2210986.294508264,128.43282008171082,130.34804344177246,0.975,case118,38,2026-04-23 01:25:31
FICA,6,0.05,0.1,100,30000,OK,2059127.0045150975,125.6201868057251,127.45769548416138,0.9898,case118,38,2026-04-23 01:25:32
FICA,6,0.05,0.1,100,40000,OK,2052649.1413524456,127.8216073513031,129.69496250152588,0.9996,case118,38,2026-04-23 01:27:41
FICA,6,0.05,0.1,150,0,OK,2487153.980967244,146.53478980064392,148.35012769699097,0.9968,case118,38,2026-04-23 01:28:00
FICA,6,0.05,0.1,150,10000,OK,2157209.1845394853,150.91579294204712,152.95112895965576,0.9794,case118,38,2026-04-23 01:30:15
FICA,6,0.05,0.1,150,20000,OK,2210987.6052096984,147.91239881515503,149.7660584449768,0.9828,case118,38,2026-04-23 01:30:31
FICA,6,0.05,0.1,150,30000,OK,2059127.0044814334,150.4629247188568,152.32775926589966,0.9886,case118,38,2026-04-23 01:32:48
FICA,6,0.05,0.1,150,40000,OK,2052649.1412068952,148.48881888389587,150.30737352371216,0.9996,case118,38,2026-04-23 01:33:02
FICA,6,0.05,0.1,200,10000,OK,2157209.1848520017,773.6637983322144,775.4967820644379,0.9802,case118,38,2026-04-23 01:45:58
FICA,6,0.05,0.1,200,0,OK,2487153.981176429,798.3440210819244,800.2326033115387,0.9982,case118,38,2026-04-23 01:46:09
FICA,6,0.05,0.1,200,30000,OK,2059127.004767417,749.3342804908752,751.1973025798798,0.9884,case118,38,2026-04-23 01:58:41
FICA,6,0.05,0.1,200,20000,OK,2210987.6054905457,779.2297899723053,781.0722939968109,0.9828,case118,38,2026-04-23 01:59:00
FICA,6,0.05,0.1,200,40000,OK,2052649.1423407686,750.4384019374847,752.2847208976746,0.9996,case118,38,2026-04-23 02:11:14
FICA,6,0.05,0.1,250,0,OK,2487153.981938932,1025.5422668457031,1027.3593623638153,0.9982,case118,38,2026-04-23 02:16:08
FICA,6,0.05,0.1,250,10000,OK,2157212.00168891,1032.402054309845,1034.2306139469147,0.9824,case118,38,2026-04-23 02:28:29
FICA,6,0.05,0.1,250,20000,OK,2210987.7521685367,1049.8693432807922,1051.693615436554,0.983,case118,38,2026-04-23 02:33:41
FICA,6,0.05,0.1,250,30000,OK,2059127.0050681313,1056.8488295078278,1059.3483641147614,0.988,case118,38,2026-04-23 02:46:12
FICA,6,0.05,0.1,250,40000,OK,2052649.1413671018,1022.7482089996338,1024.5737881660461,0.9996,case118,38,2026-04-23 02:50:47
FICA,6,0.05,0.1,300,0,OK,2487153.9821212995,1392.302696466446,1394.2618427276611,0.9982,case118,38,2026-04-23 03:09:28
FICA,6,0.05,0.1,300,10000,OK,2157212.1298715784,1356.1079607009888,1357.9416661262512,0.9824,case118,38,2026-04-23 03:13:25
FICA,6,0.05,0.1,300,20000,OK,2210990.025299122,1378.6309413909912,1381.1643316745758,0.9872,case118,38,2026-04-23 03:32:33
FICA,6,0.05,0.1,300,30000,OK,2059127.0050150277,1393.9110717773438,1396.3935990333557,0.9882,case118,38,2026-04-23 03:36:45
FICA,6,0.08,0.12,50,0,OK,2483609.545483926,108.08053469657898,109.96967625617981,0.9432,case118,38,2026-04-23 03:38:37
FICA,6,0.08,0.12,50,10000,OK,2152859.198231694,107.99027967453003,109.84816575050354,0.9264,case118,38,2026-04-23 03:40:27
FICA,6,0.08,0.12,50,20000,OK,2206924.9536158093,108.13970351219177,110.1407082080841,0.9324,case118,38,2026-04-23 03:42:17
FICA,6,0.08,0.12,50,30000,OK,2055272.3945472254,108.30240964889526,110.18126392364502,0.969,case118,38,2026-04-23 03:44:08
FICA,6,0.08,0.12,50,40000,OK,2049530.6097821943,107.80160284042358,109.66524362564087,0.995,case118,38,2026-04-23 03:45:57
FICA,6,0.08,0.12,80,0,OK,2483609.545536127,120.44951176643372,122.29071021080017,0.989,case118,38,2026-04-23 03:48:00
FICA,6,0.08,0.12,80,10000,OK,2152863.7055270197,120.6932373046875,122.5360209941864,0.9714,case118,38,2026-04-23 03:50:03
FICA,6,0.08,0.12,80,20000,OK,2206928.6634030575,122.31977081298828,124.17727041244507,0.9686,case118,38,2026-04-23 03:52:07
FICA,6,0.05,0.1,300,40000,OK,2052649.1416224656,1276.643322467804,1278.5642037391663,0.9998,case118,38,2026-04-23 03:53:53
FICA,6,0.08,0.12,80,30000,OK,2055272.3945506215,122.05544638633728,124.05468988418579,0.9834,case118,38,2026-04-23 03:54:12
FICA,6,0.08,0.12,80,40000,OK,2049530.6097436897,119.22744274139404,121.07616806030273,0.999,case118,38,2026-04-23 03:55:56
FICA,6,0.08,0.12,100,0,OK,2483609.545497957,129.80781960487366,131.66405582427979,0.9906,case118,38,2026-04-23 03:56:24
FICA,6,0.08,0.12,100,10000,OK,2152863.705526671,128.28845596313477,130.1097047328949,0.9742,case118,38,2026-04-23 03:58:06
FICA,6,0.08,0.12,100,20000,OK,2206929.723659151,130.57766318321228,132.43013286590576,0.9676,case118,38,2026-04-23 03:58:37
FICA,6,0.08,0.12,100,30000,OK,2055272.3946242025,128.16238856315613,129.98559641838074,0.9884,case118,38,2026-04-23 04:00:16
FICA,6,0.08,0.12,100,40000,OK,2049530.6098162124,129.79543685913086,131.64637851715088,0.9994,case118,38,2026-04-23 04:00:49
FICA,6,0.08,0.12,150,0,OK,2483609.5454817014,149.07256436347961,150.87623715400696,0.997,case118,38,2026-04-23 04:02:48
FICA,6,0.08,0.12,150,10000,OK,2152863.789223103,153.38161039352417,155.22165656089783,0.9744,case118,38,2026-04-23 04:03:25
FICA,6,0.08,0.12,150,20000,OK,2206931.180335084,150.4696443080902,152.28442788124084,0.9802,case118,38,2026-04-23 04:05:21
FICA,6,0.08,0.12,150,30000,OK,2055272.3945294218,153.51389408111572,155.35419631004333,0.9874,case118,38,2026-04-23 04:06:01
FICA,6,0.08,0.12,150,40000,OK,2049530.609784702,150.50731325149536,152.42206192016602,0.9998,case118,38,2026-04-23 04:07:54
FICA,6,0.08,0.12,200,0,OK,2483609.545758702,829.0649757385254,830.9312393665314,0.997,case118,38,2026-04-23 04:19:52
FICA,6,0.08,0.12,200,10000,OK,2152863.7893487015,812.8710262775421,814.7055609226227,0.9744,case118,38,2026-04-23 04:21:29
FICA,6,0.08,0.12,200,20000,OK,2206931.18059356,836.9873383045197,839.0060520172119,0.9802,case118,38,2026-04-23 04:33:52
FICA,6,0.08,0.12,200,30000,OK,2055272.3947384069,821.0994551181793,822.9222354888916,0.9876,case118,38,2026-04-23 04:35:13
FICA,6,0.08,0.12,200,40000,OK,2049530.6104743849,804.6172959804535,806.4884140491486,0.9996,case118,38,2026-04-23 04:47:19
FICA,6,0.08,0.12,250,0,OK,2483609.546917287,1130.3697559833527,1132.1915230751038,0.9978,case118,38,2026-04-23 04:54:06
FICA,6,0.08,0.12,250,10000,OK,2152866.8370751454,1112.952867269516,1114.8294422626495,0.9798,case118,38,2026-04-23 05:05:55
FICA,6,0.08,0.12,250,20000,OK,2206931.373995954,1086.9126107692719,1088.7506649494171,0.9806,case118,38,2026-04-23 05:12:16
FICA,6,0.08,0.12,250,30000,OK,2055272.3963471781,1120.0645217895508,1121.9389553070068,0.9868,case118,38,2026-04-23 05:24:38
FICA,6,0.08,0.12,250,40000,OK,2049530.6116202662,1107.6757164001465,1109.5090897083282,0.9998,case118,38,2026-04-23 05:30:46
FICA,6,0.08,0.12,300,0,OK,2483609.5457755863,1493.0358946323395,1494.9081852436066,0.9978,case118,38,2026-04-23 05:49:34
FICA,6,0.08,0.12,300,10000,OK,2152866.9619190535,1406.5933146476746,1408.4292228221893,0.9798,case118,38,2026-04-23 05:54:16
FICA,6,0.08,0.12,300,20000,OK,2206933.5793575575,1297.4159715175629,1299.296317100525,0.9854,case118,38,2026-04-23 06:11:15
FICA,6,0.08,0.12,300,30000,OK,2055272.3959146696,1340.0554087162018,1341.9159581661224,0.9874,case118,38,2026-04-23 06:16:39
FICA,6,0.1,0.15,50,0,OK,2483609.5454935697,106.13459730148315,107.97656798362732,0.947,case118,38,2026-04-23 06:18:28
FICA,6,0.1,0.15,50,10000,OK,2152859.1982529676,106.55574440956116,108.48637843132019,0.9254,case118,38,2026-04-23 06:20:17
FICA,6,0.1,0.15,50,20000,OK,2206924.9536170056,107.11542344093323,108.95210981369019,0.9332,case118,38,2026-04-23 06:22:06
FICA,6,0.1,0.15,50,30000,OK,2055272.3945361837,106.80529475212097,108.64489030838013,0.97,case118,38,2026-04-23 06:23:55
FICA,6,0.1,0.15,50,40000,OK,2049530.6097024304,106.39386129379272,108.23101139068604,0.9948,case118,38,2026-04-23 06:25:43
FICA,6,0.1,0.15,80,0,OK,2483609.545538405,119.75199699401855,121.58869743347168,0.987,case118,38,2026-04-23 06:27:45
FICA,6,0.1,0.15,80,10000,OK,2152863.705524391,119.6913640499115,121.51082968711853,0.972,case118,38,2026-04-23 06:29:47
FICA,6,0.1,0.15,80,20000,OK,2206928.6634026985,120.51827907562256,122.44915747642517,0.9686,case118,38,2026-04-23 06:31:50
FICA,6,0.1,0.15,80,30000,OK,2055272.3946302827,120.14486289024353,121.96668338775635,0.9846,case118,38,2026-04-23 06:33:52
FICA,6,0.08,0.12,300,40000,OK,2049530.6102374915,1380.41637134552,1382.2865719795227,0.9998,case118,38,2026-04-23 06:34:19
FICA,6,0.1,0.15,80,40000,OK,2049530.6097300134,119.88615822792053,121.70337414741516,0.9994,case118,38,2026-04-23 06:35:54
FICA,6,0.1,0.15,100,0,OK,2483609.5456394716,131.0978400707245,132.9488685131073,0.9918,case118,38,2026-04-23 06:36:33
FICA,6,0.1,0.15,100,10000,OK,2152863.705588062,128.99788856506348,130.81896018981934,0.974,case118,38,2026-04-23 06:38:05
FICA,6,0.1,0.15,100,20000,OK,2206929.7236622754,131.2442696094513,133.1061840057373,0.9676,case118,38,2026-04-23 06:38:46
FICA,6,0.1,0.15,100,30000,OK,2055272.3945344011,129.38861441612244,131.32212281227112,0.9886,case118,38,2026-04-23 06:40:17
FICA,6,0.1,0.15,100,40000,OK,2049530.6097186562,131.41744804382324,133.26906275749207,0.9996,case118,38,2026-04-23 06:41:00
FICA,6,0.1,0.15,150,0,OK,2483609.545501816,151.276752948761,153.1938030719757,0.997,case118,38,2026-04-23 06:42:51
FICA,6,0.1,0.15,150,10000,OK,2152863.7892215443,154.81476068496704,156.66162252426147,0.9744,case118,38,2026-04-23 06:43:37
FICA,6,0.1,0.15,150,20000,OK,2206931.1803214215,152.00190615653992,153.82960629463196,0.9802,case118,38,2026-04-23 06:45:25
FICA,6,0.1,0.15,150,30000,OK,2055272.3945356072,154.97244715690613,156.8241195678711,0.9876,case118,38,2026-04-23 06:46:15
FICA,6,0.1,0.15,150,40000,OK,2049530.6098542586,152.6331968307495,154.55457043647766,0.9998,case118,38,2026-04-23 06:48:00
FICA,6,0.1,0.15,200,0,OK,2483609.5576346237,836.5744476318359,838.4314904212952,0.9978,case118,38,2026-04-23 07:00:14
FICA,6,0.1,0.15,200,10000,OK,2152863.789257236,879.7583208084106,881.6090502738953,0.9744,case118,38,2026-04-23 07:02:43
FICA,6,0.1,0.15,200,20000,OK,2206931.1823309064,878.0418906211853,879.9094989299774,0.9802,case118,38,2026-04-23 07:14:55
FICA,6,0.1,0.15,200,30000,OK,2055272.3948696055,884.997994184494,886.8459317684174,0.987,case118,38,2026-04-23 07:17:30
FICA,6,0.1,0.15,200,40000,OK,2049530.6097341431,859.6939826011658,861.5567493438721,0.9998,case118,38,2026-04-23 07:29:17
FICA,6,0.1,0.15,250,0,OK,2483609.547274685,1168.0360684394836,1169.8648228645325,0.9978,case118,38,2026-04-23 07:37:01
FICA,6,0.1,0.15,250,10000,OK,2152866.837095196,1147.6870656013489,1149.5536286830902,0.9798,case118,38,2026-04-23 07:48:28
FICA,6,0.1,0.15,250,20000,OK,2206931.3746991158,1189.2315542697906,1191.0676968097687,0.9806,case118,38,2026-04-23 07:56:53
FICA,6,0.1,0.15,250,30000,OK,2055272.3964913078,1173.7456812858582,1175.6146845817566,0.9862,case118,38,2026-04-23 08:08:04
FICA,6,0.1,0.15,250,40000,OK,2049530.611718863,1150.676839351654,1152.5069828033447,0.9998,case118,38,2026-04-23 08:16:07
FICA,6,0.1,0.15,300,0,OK,2483609.5484102326,1586.6972999572754,1589.1696026325226,0.998,case118,38,2026-04-23 08:34:37
FICA,6,0.1,0.15,300,10000,OK,2152866.9627701393,1356.1137218475342,1357.940911769867,0.9798,case118,38,2026-04-23 08:38:46
FICA,6,0.1,0.15,300,20000,OK,2206933.590690924,1460.6427352428436,1462.5551109313965,0.9854,case118,38,2026-04-23 08:59:00
FICA,6,0.1,0.15,300,30000,OK,2055272.394647485,1552.4002079963684,1554.9335470199585,0.9876,case118,38,2026-04-23 09:04:44
FICA,6,0.1,0.15,300,40000,OK,2049530.6106933916,1441.652854681015,1443.5664830207825,0.9998,case118,38,2026-04-23 09:23:05
EIFICA,6,0.03,0.06,350,10000,OK,2157210.6836674316,186.20933938026428,188.7110903263092,0.9782,case118,38,2026-04-23 10:53:48
EIFICA,6,0.03,0.06,350,0,OK,2487153.9809081894,189.0656704902649,191.53468823432922,0.9974,case118,38,2026-04-23 10:53:51
EIFICA,6,0.03,0.06,350,20000,OK,2210989.526035979,185.0545506477356,186.93835878372192,0.9526,case118,38,2026-04-23 10:56:56
EIFICA,6,0.03,0.06,350,30000,OK,2059127.0046372334,187.8242175579071,189.7345473766327,0.9894,case118,38,2026-04-23 10:57:02
EIFICA,6,0.03,0.06,350,40000,OK,2052649.1413493617,183.87663793563843,185.7661271095276,0.9998,case118,38,2026-04-23 11:00:03
EIFICA,6,0.05,0.1,350,0,OK,2487153.9808983067,191.58962154388428,193.49587297439575,0.998,case118,38,2026-04-23 11:00:17
EIFICA,6,0.05,0.1,350,10000,OK,2157210.683696982,190.68163299560547,192.5632483959198,0.9782,case118,38,2026-04-23 11:03:17
EIFICA,6,0.05,0.1,350,20000,OK,2210989.561558717,192.69656038284302,194.58833718299866,0.962,case118,38,2026-04-23 11:03:32
EIFICA,6,0.05,0.1,350,30000,OK,2059127.004486119,190.97038507461548,192.84641647338867,0.9888,case118,38,2026-04-23 11:06:31
EIFICA,6,0.05,0.1,350,40000,OK,2052649.1412727619,192.80004787445068,195.29451203346252,0.9998,case118,38,2026-04-23 11:06:51
EIFICA,6,0.08,0.12,350,0,OK,2483609.545492146,200.86237502098083,202.74634265899658,0.998,case118,38,2026-04-23 11:09:55
EIFICA,6,0.08,0.12,350,10000,OK,2152866.9617658705,202.8978533744812,204.80173468589783,0.9798,case118,38,2026-04-23 11:10:18
EIFICA,6,0.08,0.12,350,20000,OK,2206933.592013174,201.2758285999298,203.166250705719,0.9852,case118,38,2026-04-23 11:13:20
EIFICA,6,0.08,0.12,350,30000,OK,2055272.3945312565,202.50307035446167,204.39597725868225,0.9874,case118,38,2026-04-23 11:13:43
EIFICA,6,0.08,0.12,350,40000,OK,2049530.6098552993,201.07814073562622,202.95306634902954,0.9998,case118,38,2026-04-23 11:16:44
EIFICA,6,0.1,0.15,350,0,OK,2483609.5459947838,431.7642652988434,433.6580798625946,0.9978,case118,38,2026-04-23 11:20:58
EIFICA,6,0.1,0.15,350,10000,OK,2152866.965576556,425.17253017425537,427.0662639141083,0.9798,case118,38,2026-04-23 11:23:52
EIFICA,6,0.1,0.15,350,20000,OK,2206933.736973962,420.467572927475,422.35565161705017,0.9854,case118,38,2026-04-23 11:28:02
EIFICA,6,0.1,0.15,350,30000,OK,2055272.3950312333,434.55776476860046,436.42120718955994,0.9872,case118,38,2026-04-23 11:31:10
EIFICA,6,0.1,0.15,350,40000,OK,2049530.6104382337,420.67547130584717,422.5564661026001,0.9998,case118,38,2026-04-23 11:35:06
FICA,6,0.03,0.06,350,0,OK,2487153.9870249485,1496.7225930690765,1498.6097383499146,0.9984,case118,38,2026-04-23 11:56:10
FICA,6,0.03,0.06,350,10000,OK,2157212.1298131,1498.9201419353485,1500.7898163795471,0.9824,case118,38,2026-04-23 12:00:08
FICA,6,0.03,0.06,350,20000,OK,2210990.23638851,1710.3411703109741,1713.0007920265198,0.9872,case118,38,2026-04-23 14:19:44
FICA,6,0.03,0.06,350,30000,OK,2059127.0045299595,1530.461548089981,1532.3358252048492,0.989,case118,38,2026-04-23 14:45:17
FICA,6,0.03,0.06,350,40000,OK,2052649.1412151626,1653.747174501419,1655.6189348697662,0.9996,case118,38,2026-04-23 15:12:54
FICA,6,0.05,0.1,350,0,OK,2487153.9811871,1816.0240602493286,1817.924332857132,0.9982,case118,38,2026-04-23 15:43:14
FICA,6,0.05,0.1,350,10000,OK,2157212.1299239965,1584.5521337985992,1586.4370033740997,0.9824,case118,38,2026-04-23 16:09:41
FICA,6,0.05,0.1,350,20000,OK,2210990.239206046,1646.6331775188446,1648.5129597187042,0.9872,case118,38,2026-04-23 16:37:11
FICA,6,0.05,0.1,350,30000,OK,2059127.0056403484,1688.591938495636,1690.4488725662231,0.9884,case118,38,2026-04-23 17:05:23
FICA,6,0.05,0.1,350,40000,OK,2052649.1415865447,1708.1456649303436,1709.9842088222504,0.9996,case118,38,2026-04-23 17:33:54
FICA,6,0.08,0.12,350,0,OK,2483609.54605997,1731.2527391910553,1733.087114572525,0.9982,case118,38,2026-04-23 18:02:49
FICA,6,0.08,0.12,350,10000,OK,2152866.9618077474,1860.9022097587585,1862.7167193889618,0.9798,case118,38,2026-04-23 18:33:53
FICA,6,0.08,0.12,350,20000,OK,2206933.7390279234,2083.058705329895,2084.889061689377,0.9854,case118,38,2026-04-23 19:08:39
FICA,6,0.08,0.12,350,30000,OK,2055272.396216841,1784.4410147666931,1786.2734599113464,0.9872,case118,38,2026-04-23 19:38:27
FICA,6,0.08,0.12,350,40000,OK,2049530.6100107545,1771.3441054821014,1773.182867527008,0.9998,case118,38,2026-04-23 20:08:01
FICA,6,0.1,0.15,350,0,OK,2483609.54660145,1800.821925163269,1802.6481239795685,0.9978,case118,38,2026-04-23 20:38:05
FICA,6,0.1,0.15,350,10000,OK,2152866.9624573584,1875.3136854171753,1877.1543409824371,0.9798,case118,38,2026-04-23 21:09:24
FICA,6,0.1,0.15,350,20000,OK,2206933.7384701422,1897.0301277637482,1899.0102541446686,0.9854,case118,38,2026-04-23 21:41:04
FICA,6,0.1,0.15,350,30000,OK,2055272.3946806747,2346.17738366127,2348.054047346115,0.9874,case118,38,2026-04-23 22:20:14
FICA,6,0.1,0.15,350,40000,OK,2049530.611602017,1949.2081632614136,1951.0742228031158,0.9996,case118,38,2026-04-23 22:52:46
