method,sf,epsilon,n_wdr,seed,obj,solve_time,total_duration,satisfied_rate
EIFICA,1.0,0.03,30,200,45091.89972059186,2.5563530921936035,4.242233991622925,0.8146
EIFICA,1.0,0.03,30,0,48271.525741972335,2.558974266052246,4.245045900344849,0.9074
EIFICA,1.0,0.03,30,100,38881.19014927733,2.5602447986602783,4.252671718597412,0.4706
EIFICA,1.0,0.03,30,300,41703.936424841944,2.569378614425659,4.290696859359741,0.9368
ExactLHS,1.0,0.03,30,0,48273.60485972561,4.866201877593994,6.5583579540252686,0.9618
ExactLHS,1.0,0.03,30,300,41713.07070132857,4.891456365585327,6.592958688735962,0.9496
ExactLHS,1.0,0.03,30,100,38885.555909812865,4.957698822021484,6.666220188140869,0.952
ExactLHS,1.0,0.03,30,200,45104.93632503647,5.0051429271698,6.716504335403442,0.8546
EIFICA,1.0,0.03,30,400,42747.62292049268,1.7159059047698975,2.8615617752075195,0.7592
EIFICA,1.0,0.03,30,500,42371.004531498584,1.7106099128723145,2.8387110233306885,0.4644
ExactLHS,1.0,0.03,30,400,42758.34292467406,3.985123634338379,5.133802652359009,0.9212
EIFICA,1.0,0.03,30,600,38885.90795359437,1.6932556629180908,2.818504810333252,0.633
ExactLHS,1.0,0.03,30,500,42374.306612863234,4.044202089309692,5.209017992019653,0.928
EIFICA,1.0,0.03,30,700,47546.91125423427,1.7541191577911377,2.910344123840332,0.975
EIFICA,1.0,0.03,30,800,40483.799197992514,1.8531250953674316,2.976447343826294,0.5714
ExactLHS,1.0,0.03,30,600,38895.91125088942,4.086142063140869,5.209295034408569,0.9086
ExactLHS,1.0,0.03,30,700,47548.72551380779,4.146494626998901,5.300658464431763,0.9808
EIFICA,1.0,0.03,30,900,38709.96987364559,1.7393765449523926,2.882014274597168,0.9068
ExactLHS,1.0,0.03,30,800,40504.53455767185,4.074575424194336,5.196925401687622,0.8884
EIFICA,1.0,0.03,60,0,48272.2997567359,2.562718391418457,3.725876808166504,0.9528
EIFICA,1.0,0.03,60,100,38884.11055755114,2.5277767181396484,3.6506054401397705,0.966
ExactLHS,1.0,0.03,30,900,38727.173800793105,4.073468208312988,5.1937665939331055,0.9088
EIFICA,1.0,0.03,60,200,45146.856848657364,2.5739989280700684,3.7270286083221436,0.9766
EIFICA,1.0,0.03,60,300,41710.444278450406,2.469597578048706,3.735487222671509,0.9786
EIFICA,1.0,0.03,60,400,42750.99106168197,2.680837392807007,3.8084609508514404,0.761
EIFICA,1.0,0.03,60,500,42377.75993649339,2.529430627822876,3.817633867263794,0.4756
EIFICA,1.0,0.03,60,600,38904.34214641497,2.573916435241699,3.7202584743499756,0.8808
EIFICA,1.0,0.03,60,700,47550.17612209681,2.82218337059021,3.9866602420806885,0.9822
ExactLHS,1.0,0.03,60,500,42428.149596263334,41.905813455581665,43.03111982345581,0.9702
ExactLHS,1.0,0.03,60,100,38928.108639370694,51.43154978752136,52.581860065460205,0.9906
EIFICA,1.0,0.03,60,800,40523.3226887855,2.5737617015838623,4.456754684448242,0.921
ExactLHS,1.0,0.03,60,400,42789.06419538681,52.64761471748352,53.91814827919006,0.9578
EIFICA,1.0,0.03,60,900,38735.35273056209,2.660419464111328,3.832495927810669,0.9152
EIFICA,1.0,0.03,90,0,48272.489336915765,3.726309299468994,4.887058258056641,0.9566
ExactLHS,1.0,0.03,60,300,42599.00745830091,61.7106499671936,62.98185086250305,0.9976
ExactLHS,1.0,0.03,60,0,49213.49838570945,72.11398553848267,73.27252769470215,0.9964
EIFICA,1.0,0.03,90,100,38893.04230033503,3.7159922122955322,5.424500942230225,0.9668
EIFICA,1.0,0.03,90,200,45147.778957471804,3.9643967151641846,5.152574300765991,0.978
ExactLHS,1.0,0.03,60,700,47571.27149987069,70.21743249893188,71.38036060333252,0.9928
EIFICA,1.0,0.03,90,300,41710.44427842262,3.625319480895996,5.42361044883728,0.9786
ExactLHS,1.0,0.03,60,900,38787.50801248138,36.70275330543518,38.41775155067444,0.9548
ExactLHS,1.0,0.03,60,200,45182.57643799044,100.87659955024719,102.02203345298767,0.9908
EIFICA,1.0,0.03,90,400,42761.70432215244,3.912609100341797,5.169464588165283,0.9392
EIFICA,1.0,0.03,90,500,42383.0364490761,3.4850125312805176,5.202049255371094,0.4734
ExactLHS,1.0,0.03,60,600,38943.73124787998,102.61567115783691,103.78303813934326,0.9712
EIFICA,1.0,0.03,90,600,38919.631993776275,3.8605167865753174,5.756017684936523,0.9336
ExactLHS,1.0,0.03,60,800,40585.29322713621,65.42058730125427,67.41503357887268,0.991
EIFICA,1.0,0.03,90,700,47552.09686116874,3.7419164180755615,4.934408664703369,0.9846
ExactLHS,1.0,0.03,90,300,41788.5082737893,66.141432762146,67.3545150756836,0.9894
EIFICA,1.0,0.03,90,800,40540.87505744537,3.9806792736053467,5.87385892868042,0.9066
ExactLHS,1.0,0.03,90,200,45206.176159242204,89.95814633369446,91.4041211605072,0.9916
EIFICA,1.0,0.03,90,900,38736.7661616916,3.7041738033294678,5.4353790283203125,0.9434
ExactLHS,1.0,0.03,90,500,42470.118721470215,68.90420770645142,70.0857081413269,0.9862
EIFICA,1.0,0.03,120,0,48273.92470841993,5.2756593227386475,7.115371942520142,0.9722
ExactLHS,1.0,0.03,90,600,38996.416991089594,71.76145005226135,72.92401099205017,0.9954
ExactLHS,1.0,0.03,90,700,47593.60255269907,65.26372742652893,66.59946727752686,0.9986
EIFICA,1.0,0.03,120,100,38894.22052396129,4.998021364212036,6.6862804889678955,0.9786
ExactLHS,1.0,0.03,90,400,42818.5259679505,101.66554045677185,103.02659010887146,0.9808
EIFICA,1.0,0.03,120,200,45147.77895590967,4.851975202560425,6.034326553344727,0.978
EIFICA,1.0,0.03,120,300,41713.03721991978,4.852585315704346,6.282720565795898,0.9802
ExactLHS,1.0,0.03,90,800,40643.135642609224,64.81571173667908,65.98936581611633,0.9952
ExactLHS,1.0,0.03,90,0,48332.729176071436,173.26829957962036,174.47650241851807,0.987
ExactLHS,1.0,0.03,90,100,38980.73988454102,167.57064080238342,169.49514150619507,0.9948
EIFICA,1.0,0.03,120,400,42768.499710023505,5.425957918167114,7.3560802936553955,0.9648
EIFICA,1.0,0.03,120,500,42415.469669705715,4.3687708377838135,5.535847425460815,0.976
EIFICA,1.0,0.03,120,600,38919.63193263039,4.808722972869873,6.067331790924072,0.9336
ExactLHS,1.0,0.03,120,300,41815.405770686055,49.649434089660645,50.887593030929565,0.998
EIFICA,1.0,0.03,120,700,47556.20831394887,4.79211163520813,5.996713876724243,0.992
ExactLHS,1.0,0.03,90,900,38818.97104759924,96.7303831577301,97.92504549026489,0.988
EIFICA,1.0,0.03,120,800,40540.96542060283,5.204108476638794,7.005263328552246,0.9118
ExactLHS,1.0,0.03,120,100,39017.42557927397,115.52174115180969,117.24029278755188,0.9984
EIFICA,1.0,0.03,120,900,38738.508961055675,5.14280891418457,6.3918023109436035,0.9522
ExactLHS,1.0,0.03,120,0,48355.32031497518,143.81834745407104,145.01179909706116,0.9944
EIFICA,1.0,0.06,30,0,47911.34853298185,2.372394323348999,4.206726789474487,0.9152
ExactLHS,1.0,0.06,30,0,48358.741363881534,10.75252389907837,12.03573727607727,0.9596
EIFICA,1.0,0.06,30,100,38395.83002941196,2.396076202392578,3.642932415008545,0.6192
ExactLHS,1.0,0.03,120,600,39020.617767713076,121.90113973617554,123.08659195899963,0.9938
ExactLHS,1.0,0.06,30,100,38400.48738304074,20.07780909538269,21.356191158294678,0.9296
EIFICA,1.0,0.06,30,200,44622.74304484348,2.4262404441833496,3.637234687805176,0.7768
EIFICA,1.0,0.06,30,300,41376.94632700912,2.3605382442474365,3.5513503551483154,0.9152
ExactLHS,1.0,0.06,30,200,44628.48349106957,13.714168787002563,15.12056040763855,0.8224
ExactLHS,1.0,0.03,120,800,40674.773983896775,109.50889921188354,110.72657918930054,0.9946
ExactLHS,1.0,0.06,30,300,41785.15721604197,8.983413934707642,10.32503628730774,0.9218
EIFICA,1.0,0.06,30,400,42240.287842238744,2.5002832412719727,3.758852481842041,0.7314
EIFICA,1.0,0.06,30,500,42039.74023926197,2.5461132526397705,4.387647867202759,0.4688
EIFICA,1.0,0.06,30,600,38415.423093422185,2.349665403366089,3.5796101093292236,0.7102
ExactLHS,1.0,0.06,30,500,42457.74271107483,9.650483846664429,10.929757595062256,0.935
EIFICA,1.0,0.06,30,700,47146.85114759749,2.5291597843170166,3.725928783416748,0.9652
ExactLHS,1.0,0.06,30,400,42246.874138382445,23.002171516418457,24.162768363952637,0.8914
EIFICA,1.0,0.06,30,800,40053.28414387933,2.4502673149108887,3.654658079147339,0.8406
ExactLHS,1.0,0.06,30,600,38420.1902369222,19.203761339187622,20.419726848602295,0.8718
ExactLHS,1.0,0.06,30,700,47645.43953156506,14.707293510437012,15.8862144947052,0.9748
EIFICA,1.0,0.06,30,900,38397.71210245599,2.362459897994995,3.737286329269409,0.7254
ExactLHS,1.0,0.03,120,700,47941.94905956729,158.2944576740265,159.47866487503052,0.9998
EIFICA,1.0,0.06,60,0,47911.95710270513,3.5646214485168457,4.704960823059082,0.9478
EIFICA,1.0,0.06,60,100,38398.680547475786,3.6103715896606445,4.910299301147461,0.961
ExactLHS,1.0,0.06,30,900,38803.77738960868,12.118590116500854,13.316559076309204,0.9122
ExactLHS,1.0,0.06,30,800,40062.334418121834,18.40919017791748,19.62657618522644,0.8602
EIFICA,1.0,0.06,60,200,44655.226971317694,3.5080103874206543,4.6944639682769775,0.9676
EIFICA,1.0,0.06,60,300,41381.858843766175,3.913771867752075,5.235974550247192,0.9652
ExactLHS,1.0,0.03,120,200,45246.416420007205,243.20002937316895,244.96605682373047,0.9988
EIFICA,1.0,0.06,60,400,42243.92933485521,3.9529881477355957,5.158383846282959,0.7972
ExactLHS,1.0,0.06,60,100,38426.52816892232,23.09935760498047,24.24728298187256,0.9704
EIFICA,1.0,0.06,60,500,42045.15246443231,4.074786186218262,5.896319389343262,0.8302
ExactLHS,1.0,0.06,60,400,42276.09052377361,22.80353307723999,23.997963905334473,0.926
EIFICA,1.0,0.06,60,600,38424.46510834861,4.214885950088501,5.451629877090454,0.921
ExactLHS,1.0,0.06,60,300,41396.46098780463,39.32845902442932,40.48910403251648,0.9742
ExactLHS,1.0,0.03,120,900,38845.71550628821,171.7617039680481,173.12679839134216,0.9966
ExactLHS,1.0,0.06,60,500,42063.7962981975,23.155039072036743,24.444751739501953,0.945
EIFICA,1.0,0.06,60,700,47149.83928516056,3.9262845516204834,5.050137281417847,0.9716
EIFICA,1.0,0.06,60,800,40077.137144708286,3.980323314666748,5.811390399932861,0.917
EIFICA,1.0,0.06,60,900,38407.29685452413,4.137336254119873,5.377621412277222,0.9146
ExactLHS,1.0,0.06,60,600,38444.12323665229,23.508397817611694,24.742026805877686,0.94
EIFICA,1.0,0.06,90,0,47911.9571026014,6.552661180496216,7.966246128082275,0.9478
ExactLHS,1.0,0.06,60,200,44867.1111194357,78.78514981269836,80.15317606925964,0.9674
EIFICA,1.0,0.06,90,100,38405.77121161868,3.0783917903900146,4.298985958099365,0.9568
ExactLHS,1.0,0.06,60,700,47670.13544781979,31.472447395324707,33.22408390045166,0.988
EIFICA,1.0,0.06,90,200,44655.642827055446,2.9430718421936035,4.111271858215332,0.9676
ExactLHS,1.0,0.06,60,0,47921.09473289675,99.19763350486755,100.9446427822113,0.9586
ExactLHS,1.0,0.06,60,800,40291.998294026525,36.444841623306274,37.57156038284302,0.9692
EIFICA,1.0,0.06,90,300,41381.85884541414,5.839021444320679,7.058225154876709,0.9652
EIFICA,1.0,0.06,90,400,42251.85899822261,6.0370094776153564,7.1522908210754395,0.935
ExactLHS,1.0,0.03,120,500,42529.908662350535,317.2793860435486,318.5024743080139,0.9984
ExactLHS,1.0,0.06,60,900,38557.24181975341,56.98929309844971,58.2442421913147,0.8986
EIFICA,1.0,0.06,90,500,42048.56426381141,3.0568487644195557,4.856313705444336,0.9192
EIFICA,1.0,0.06,90,600,38429.37332093145,3.095205307006836,4.317523241043091,0.9548
ExactLHS,1.0,0.06,90,300,41502.49329912586,60.23876237869263,61.35300803184509,0.9892
EIFICA,1.0,0.06,90,700,47151.19537267964,6.417388439178467,7.682555198669434,0.9776
ExactLHS,1.0,0.06,90,0,47937.349547717065,117.94567537307739,119.16601610183716,0.9626
ExactLHS,1.0,0.06,90,400,42305.3668165164,94.1899766921997,95.36559557914734,0.9654
EIFICA,1.0,0.06,90,800,40092.6605477152,3.130260944366455,4.379655599594116,0.9708
EIFICA,1.0,0.06,90,900,38407.92216865232,8.097394943237305,9.304159164428711,0.9432
ExactLHS,1.0,0.06,90,500,42084.130155227074,86.0199728012085,87.90917086601257,0.9318
ExactLHS,1.0,0.06,90,600,38482.90416754926,86.46579813957214,87.66778421401978,0.981
EIFICA,1.0,0.06,120,0,47912.15665658175,3.263113260269165,4.478153467178345,0.9622
EIFICA,1.0,0.06,120,100,38406.92997428403,3.148843288421631,4.503175258636475,0.977
ExactLHS,1.0,0.06,90,100,38580.76361020913,150.77646136283875,151.98760628700256,0.985
EIFICA,1.0,0.06,120,200,44655.64282483833,3.4498367309570312,5.281331300735474,0.9676
ExactLHS,1.0,0.06,90,700,47286.47552771623,84.52688932418823,85.67496919631958,0.993
EIFICA,1.0,0.06,120,300,41383.19948891197,3.3141086101531982,4.7985312938690186,0.974
ExactLHS,1.0,0.06,90,200,44824.285056070985,170.3892948627472,171.62292432785034,0.9876
ExactLHS,1.0,0.06,90,900,38537.95383742699,57.06979966163635,58.25018548965454,0.974
EIFICA,1.0,0.06,120,400,42257.94674378276,3.366950035095215,5.115378379821777,0.944
EIFICA,1.0,0.06,120,500,42071.15168178182,3.1856637001037598,4.357461929321289,0.9794
ExactLHS,1.0,0.06,120,300,41440.89556903536,51.452672243118286,52.807631492614746,0.9902
EIFICA,1.0,0.06,120,600,38429.37331348198,3.360560655593872,5.105897426605225,0.9548
ExactLHS,1.0,0.06,120,400,42347.99577478839,47.70285177230835,49.09539866447449,0.9868
EIFICA,1.0,0.06,120,700,47152.57877900179,3.3888347148895264,5.209435701370239,0.986
ExactLHS,1.0,0.06,90,800,40269.84770635072,125.0984365940094,126.6232635974884,0.9816
EIFICA,1.0,0.06,120,800,40092.773613596255,3.4648489952087402,5.279327869415283,0.9716
ExactLHS,1.0,0.06,120,600,38509.92239932979,49.01881432533264,50.19803762435913,0.9886
EIFICA,1.0,0.06,120,900,38409.15154327876,3.308781862258911,4.709930181503296,0.9578
ExactLHS,1.0,0.06,120,800,40206.55928361748,49.94169020652771,51.208900690078735,0.9888
EIFICA,1.5,0.03,30,0,72165.50921115794,2.1663966178894043,4.070155382156372,0.9234
ExactLHS,1.5,0.03,30,0,72167.3912837431,4.671795606613159,5.858035326004028,0.9604
EIFICA,1.5,0.03,30,100,57985.87456851921,2.1408071517944336,3.3880484104156494,0.861
ExactLHS,1.5,0.03,30,100,57996.77723691933,4.679471254348755,5.917710065841675,0.9374
EIFICA,1.5,0.03,30,200,67325.88664285124,2.1503782272338867,3.5945396423339844,0.7904
ExactLHS,1.5,0.03,30,200,67342.81635507863,4.686505079269409,5.960726261138916,0.833
EIFICA,1.5,0.03,30,300,62378.37291440673,2.1951088905334473,3.3906383514404297,0.9272
ExactLHS,1.5,0.03,30,300,62384.02215804095,4.663311958312988,5.8601298332214355,0.9326
EIFICA,1.5,0.03,30,400,63743.497789749745,2.1097354888916016,3.3425889015197754,0.7848
ExactLHS,1.5,0.03,30,400,63752.760598208915,4.507201433181763,5.736268520355225,0.9098
EIFICA,1.5,0.03,30,500,63368.49163983241,2.157308340072632,3.5376293659210205,0.7916
ExactLHS,1.0,0.06,120,100,38501.58165853605,217.2961390018463,218.4365336894989,0.9918
ExactLHS,1.5,0.03,30,500,63369.875129511835,4.5688605308532715,5.7906715869903564,0.9108
EIFICA,1.5,0.03,30,600,58013.75012033606,2.1486592292785645,3.9520962238311768,0.711
ExactLHS,1.5,0.03,30,600,58021.67565283789,4.675910711288452,5.87389063835144,0.8718
EIFICA,1.5,0.03,30,700,71045.91009381623,2.078493595123291,3.290600061416626,0.9724
ExactLHS,1.5,0.03,30,700,71046.12119355674,4.447668790817261,5.840451717376709,0.9712
EIFICA,1.5,0.03,30,800,60415.047701146315,2.2597813606262207,3.4577181339263916,0.8412
EIFICA,1.5,0.03,30,900,57880.973820279076,2.2001192569732666,3.4177136421203613,0.8988
ExactLHS,1.5,0.03,30,800,60429.87184802474,4.555340766906738,5.918454170227051,0.877
ExactLHS,1.5,0.03,30,900,57893.843339328996,4.516363143920898,5.7525599002838135,0.899
EIFICA,1.5,0.03,60,0,72166.07235511759,4.191143989562988,5.373415231704712,0.9538
ExactLHS,1.0,0.06,120,700,47304.61124211829,142.7992763519287,143.98737502098083,0.9966
EIFICA,1.5,0.03,60,100,57987.51293382847,3.9649155139923096,5.289120197296143,0.9694
EIFICA,1.5,0.03,60,200,67393.49240851257,3.9685604572296143,5.132909297943115,0.9724
ExactLHS,1.0,0.06,120,0,48238.34848423574,285.13954281806946,286.8976700305939,0.9892
EIFICA,1.5,0.03,60,300,62383.27175886881,3.8026623725891113,5.038905620574951,0.8738
ExactLHS,1.5,0.03,60,0,72193.76401000145,46.67025566101074,48.04791712760925,0.9736
ExactLHS,1.0,0.06,120,200,44939.800155541074,274.10939955711365,275.34243059158325,0.9948
EIFICA,1.5,0.03,60,400,63750.04988803448,4.145917654037476,5.912268400192261,0.855
ExactLHS,1.5,0.03,60,100,58037.53331396981,50.52815508842468,52.30133318901062,0.9762
EIFICA,1.5,0.03,60,500,63377.88506724052,4.254960298538208,5.502809047698975,0.469
ExactLHS,1.0,0.06,120,900,38620.94290182029,164.44496512413025,165.65214562416077,0.99
EIFICA,1.5,0.03,60,600,58027.358568508185,4.530315399169922,5.750114679336548,0.884
EIFICA,1.5,0.03,60,700,71050.3454572143,4.743179082870483,5.983932971954346,0.9844
ExactLHS,1.5,0.03,60,200,67423.86347689923,72.02572727203369,73.3481171131134,0.9856
EIFICA,1.5,0.03,60,800,60454.90965231406,3.949688196182251,5.70277738571167,0.8374
ExactLHS,1.0,0.06,120,500,42206.81350188754,297.5506489276886,298.9217965602875,0.9932
ExactLHS,1.5,0.03,60,400,65051.327358124814,54.3271050453186,56.14273381233215,0.977
EIFICA,1.5,0.03,60,900,57904.42860857779,4.256728649139404,6.0392374992370605,0.8686
ExactLHS,1.5,0.03,60,500,64312.944943562856,55.04711055755615,56.19767475128174,0.9856
ExactLHS,1.5,0.03,60,600,58063.92703709508,47.18139600753784,49.12598538398743,0.9504
EIFICA,1.5,0.03,90,0,72166.0723550345,8.458156824111938,9.634009838104248,0.9538
ExactLHS,1.5,0.03,60,700,71077.64624779657,50.253122091293335,51.64923357963562,0.9872
EIFICA,1.5,0.03,90,100,57998.66100271996,8.913349628448486,10.127962112426758,0.9716
EIFICA,1.5,0.03,90,200,67394.29440374787,9.097551822662354,10.314184188842773,0.9742
ExactLHS,1.5,0.03,60,800,60529.4639177504,42.25565481185913,43.50686955451965,0.9782
EIFICA,1.5,0.03,90,300,62383.27174832745,7.500149965286255,8.696689367294312,0.8738
ExactLHS,1.5,0.03,60,900,57950.5441436263,34.12803339958191,35.39797592163086,0.9428
EIFICA,1.5,0.03,90,400,63760.40631053131,8.097890377044678,9.323428869247437,0.938
EIFICA,1.5,0.03,90,500,63385.78893399103,7.7968974113464355,9.166247606277466,0.482
ExactLHS,1.5,0.03,90,300,62890.76730357209,58.449134826660156,59.64571571350098,0.9968
EIFICA,1.5,0.03,90,600,58037.4285740242,8.423538446426392,10.139760494232178,0.8894
ExactLHS,1.5,0.03,60,300,62424.91071957311,178.8732476234436,180.06780219078064,0.986
ExactLHS,1.5,0.03,90,500,63907.416397470704,67.9037983417511,69.14355373382568,0.9882
ExactLHS,1.5,0.03,90,400,63844.87585120697,87.41881537437439,88.62152409553528,0.9782
EIFICA,1.5,0.03,90,700,71052.59707650206,7.217843532562256,8.40130877494812,0.991
EIFICA,1.5,0.03,90,800,60478.89591542519,8.041752576828003,9.197164058685303,0.808
EIFICA,1.5,0.03,90,900,57905.44276688919,8.643545389175415,9.764336109161377,0.9406
ExactLHS,1.5,0.03,90,200,67468.28546225298,128.85056066513062,130.16689109802246,0.9894
EIFICA,1.5,0.03,120,0,72166.30023644227,13.593034744262695,15.33946180343628,0.9678
ExactLHS,1.5,0.03,90,0,72221.51342707925,167.2198781967163,168.3916618824005,0.9806
ExactLHS,1.5,0.03,90,600,58128.0062353592,83.65982270240784,84.84221816062927,0.9884
EIFICA,1.5,0.03,120,100,58000.02392620835,13.415714263916016,15.186464786529541,0.98
ExactLHS,1.5,0.03,90,700,71115.03156445692,76.06482172012329,77.85085964202881,0.9932
EIFICA,1.5,0.03,120,200,67394.29439466487,13.011528015136719,14.187960863113403,0.9742
ExactLHS,1.5,0.03,90,800,60603.724913926366,84.67805314064026,85.82412481307983,0.9822
EIFICA,1.5,0.03,120,300,62385.608521582966,11.171502113342285,12.560247659683228,0.9468
ExactLHS,1.5,0.03,90,900,58407.850299107486,73.43382048606873,74.75651431083679,0.9838
EIFICA,1.5,0.03,120,400,63768.12007043388,13.614128112792969,14.77614974975586,0.9434
EIFICA,1.5,0.03,120,500,63424.681244110885,11.702362537384033,12.868663787841797,0.9612
ExactLHS,1.5,0.03,120,0,72550.74768148585,85.02401471138,86.2280433177948,0.9904
EIFICA,1.5,0.03,120,600,58037.42857929298,14.965448379516602,16.700859546661377,0.8894
ExactLHS,1.5,0.03,120,400,63906.035879625604,58.98820090293884,60.282049894332886,0.9886
EIFICA,1.5,0.03,120,700,71054.60176257788,12.428150415420532,13.582908153533936,0.9902
ExactLHS,1.5,0.03,120,300,62773.21930971149,102.49342632293701,103.70925092697144,0.9978
EIFICA,1.5,0.03,120,800,60479.03963717357,14.324951171875,15.66045093536377,0.8152
ExactLHS,1.5,0.03,120,200,67521.01778229112,167.0124146938324,168.18632793426514,0.9938
ExactLHS,1.5,0.03,120,600,58170.38005588579,102.8090546131134,104.01441717147827,0.9928
ExactLHS,1.5,0.03,120,500,63837.35995092255,132.04336071014404,133.29486775398254,0.9978
EIFICA,1.5,0.06,30,0,71802.37914442239,2.7703073024749756,4.570716619491577,0.9444
ExactLHS,1.5,0.03,120,800,60659.1533806347,52.677791595458984,53.99419331550598,0.993
EIFICA,1.5,0.03,120,900,57907.07966231987,13.697336196899414,14.879095077514648,0.9386
ExactLHS,1.5,0.03,120,700,71181.20341900409,93.85723614692688,95.15553450584412,0.998
EIFICA,1.5,0.06,30,100,57488.205571681305,2.7418203353881836,4.194197654724121,0.6052
EIFICA,1.5,0.06,30,200,66845.64155543543,2.6488447189331055,3.8960530757904053,0.7796
ExactLHS,1.5,0.06,30,0,72251.77687526999,7.686254024505615,8.88796329498291,0.9492
EIFICA,1.5,0.06,30,300,62040.41542672974,2.656613349914551,3.7573843002319336,0.9082
EIFICA,1.5,0.06,30,400,63234.726715462806,2.690734624862671,3.9021997451782227,0.7216
ExactLHS,1.5,0.06,30,200,67464.4583133147,9.538691997528076,10.688157081604004,0.8334
ExactLHS,1.5,0.06,30,300,62457.029560893294,6.924717664718628,8.12671422958374,0.8968
EIFICA,1.5,0.06,30,500,63028.52572831114,2.818290948867798,4.183655738830566,0.8258
ExactLHS,1.5,0.06,30,100,57491.3371527107,17.244232177734375,18.47818160057068,0.9402
EIFICA,1.5,0.06,30,600,57531.123086744046,2.7939558029174805,3.930593729019165,0.706
ExactLHS,1.5,0.06,30,400,63874.054371632614,8.266498804092407,9.36930251121521,0.8642
ExactLHS,1.5,0.06,30,500,63452.39354632453,6.728036165237427,7.910936117172241,0.9138
EIFICA,1.5,0.06,30,700,70647.5195789713,2.9335720539093018,4.060292959213257,0.9468
EIFICA,1.5,0.06,30,800,59972.00981750347,2.9720091819763184,4.123615264892578,0.827
ExactLHS,1.5,0.06,30,700,71142.61755811398,6.78292441368103,7.889671087265015,0.9726
EIFICA,1.5,0.06,30,900,57560.50091596909,2.8311398029327393,3.990408182144165,0.7558
ExactLHS,1.5,0.06,30,800,60532.62958608396,8.593993663787842,9.733548164367676,0.7934
ExactLHS,1.5,0.06,30,600,58139.18892341788,13.974492311477661,15.747074604034424,0.8726
ExactLHS,1.5,0.06,30,900,57970.59626501519,6.545428037643433,7.662041425704956,0.8982
ExactLHS,1.0,0.03,120,400,42868.39063540032,1203.636943101883,1205.6107535362244,0.9958
EIFICA,1.5,0.06,60,0,71802.38003241905,6.180994987487793,7.3228044509887695,0.9448
EIFICA,1.5,0.06,60,100,57491.81834537999,6.193796157836914,7.37170672416687,0.9578
EIFICA,1.5,0.06,60,200,66872.86282623216,5.924928665161133,7.0908362865448,0.9656
EIFICA,1.5,0.06,60,300,62045.94533912052,6.969990015029907,8.136807680130005,0.9596
ExactLHS,1.5,0.06,60,100,57729.586870461564,20.35448694229126,21.613524675369263,0.9698
EIFICA,1.5,0.06,60,400,63239.61124294582,6.575226068496704,7.7758872509002686,0.7864
ExactLHS,1.5,0.06,60,0,72288.3546965457,30.21611762046814,31.40613865852356,0.9752
EIFICA,1.5,0.06,60,500,63034.7495540731,6.460254669189453,7.620021343231201,0.888
EIFICA,1.5,0.06,60,600,57544.15645386637,6.597336530685425,7.77243971824646,0.9088
ExactLHS,1.5,0.06,60,300,62204.484156350954,35.643993854522705,36.82248139381409,0.9804
ExactLHS,1.5,0.06,60,400,63483.45009226731,22.663904666900635,23.814261198043823,0.9216
ExactLHS,1.5,0.03,120,900,58307.0928305385,96.1056342124939,97.41972923278809,0.9956
EIFICA,1.5,0.06,60,700,70652.00497928043,6.928738832473755,8.103790998458862,0.9822
ExactLHS,1.5,0.06,60,500,63058.38560079804,24.085301399230957,25.2980740070343,0.9364
EIFICA,1.5,0.06,60,800,59994.311253253785,6.269514083862305,8.030946493148804,0.9098
ExactLHS,1.5,0.06,60,600,57565.544243817385,22.269874572753906,23.581000328063965,0.9254
EIFICA,1.5,0.06,60,900,57570.59101382118,6.301689386367798,7.479395151138306,0.9
ExactLHS,1.5,0.06,60,200,66912.60966452556,71.64812517166138,72.78854489326477,0.9764
ExactLHS,1.5,0.06,60,700,70830.95641590244,26.6160671710968,28.422584772109985,0.9828
EIFICA,1.5,0.06,90,0,71802.37998740707,14.743682861328125,15.879381895065308,0.9448
ExactLHS,1.5,0.06,60,900,57596.71493468808,23.665457487106323,24.851513147354126,0.9158
EIFICA,1.5,0.06,90,200,66873.70045382285,13.815360307693481,14.962143898010254,0.9662
ExactLHS,1.5,0.06,60,800,60243.3042182445,38.16973161697388,39.283950090408325,0.9672
EIFICA,1.5,0.06,90,100,57496.35282516023,14.358847618103027,16.28506875038147,0.9524
EIFICA,1.5,0.06,90,300,62045.94534551726,15.071691274642944,16.237853050231934,0.9596
EIFICA,1.5,0.06,90,400,63251.58692268238,14.16727900505066,15.358238220214844,0.933
ExactLHS,1.5,0.06,90,100,57560.23507261046,35.33658695220947,36.508283853530884,0.9534
EIFICA,1.5,0.06,90,500,63039.28281577692,12.522361278533936,13.692707777023315,0.9002
EIFICA,1.5,0.06,90,600,57550.96945115287,13.962491989135742,15.167274713516235,0.943
ExactLHS,1.5,0.06,90,300,62169.08479398267,54.98253107070923,56.107802867889404,0.9828
EIFICA,1.5,0.06,90,700,70653.51752608974,14.171211242675781,15.287189722061157,0.9834
ExactLHS,1.5,0.06,90,500,63173.95733091303,65.49222683906555,66.66508436203003,0.938
ExactLHS,1.5,0.06,90,0,71916.10024944495,125.56480479240417,126.71253848075867,0.9588
EIFICA,1.5,0.06,90,800,60012.323313940884,12.698644638061523,14.541742086410522,0.9712
ExactLHS,1.5,0.06,90,200,67589.18185956814,107.6561062335968,109.46554350852966,0.9902
EIFICA,1.5,0.06,90,900,57571.50990421393,16.484154224395752,17.671889305114746,0.9386
ExactLHS,1.5,0.06,90,400,63434.827711027276,106.76313328742981,108.0474841594696,0.937
ExactLHS,1.5,0.06,90,600,57734.140513704515,86.00827693939209,87.3444447517395,0.9788
EIFICA,1.5,0.06,120,0,71802.7878824607,17.069111824035645,18.349205255508423,0.9582
EIFICA,1.5,0.06,120,100,57498.3018771809,16.470124006271362,18.177043437957764,0.9688
ExactLHS,1.5,0.06,90,700,70938.42797539217,84.8388876914978,85.98642158508301,0.9794
EIFICA,1.5,0.06,120,200,66873.7004541304,17.04571008682251,18.249424695968628,0.9662
ExactLHS,1.5,0.06,90,800,60413.36230484105,76.67420053482056,78.01171207427979,0.9846
ExactLHS,1.5,0.06,90,900,57704.253315568734,83.91046738624573,85.06351494789124,0.9368
EIFICA,1.5,0.06,120,300,62047.25877687769,18.870316743850708,20.229207515716553,0.97
EIFICA,1.5,0.06,120,400,63262.1426826756,16.412370681762695,18.170801877975464,0.9426
ExactLHS,1.5,0.06,120,300,62260.05959591058,45.38133883476257,46.54625153541565,0.9886
EIFICA,1.5,0.06,120,500,63071.069271923545,16.05907678604126,17.22080159187317,0.976
ExactLHS,1.5,0.06,120,0,72352.64112059314,110.95732688903809,112.68388533592224,0.9922
ExactLHS,1.5,0.06,120,400,63390.146181871045,59.39433765411377,60.57043194770813,0.9792
EIFICA,1.5,0.06,120,600,57550.96944594176,25.090656042099,26.415908336639404,0.943
EIFICA,1.5,0.06,120,700,70656.22019757869,16.815648555755615,17.939297914505005,0.9882
EIFICA,1.5,0.06,120,800,60012.43961410161,15.197556734085083,16.351693630218506,0.973
ExactLHS,1.5,0.06,120,600,57656.45225889717,51.235925912857056,52.37844800949097,0.9796
ExactLHS,1.5,0.06,120,100,58014.049744457865,152.59110474586487,153.80339789390564,0.9948
EIFICA,1.5,0.06,120,900,57573.00980233005,17.635960817337036,18.916635274887085,0.9566
EIFICA,2.0,0.03,30,0,96140.02524798247,2.825550079345703,3.9786152839660645,0.9106
ExactLHS,2.0,0.03,30,0,96141.78453233851,4.646868467330933,5.81205153465271,0.9618
EIFICA,2.0,0.03,30,100,77183.68176943112,2.5879759788513184,3.737100839614868,0.675
ExactLHS,2.0,0.03,30,100,77194.20056016384,4.506728649139404,5.76383113861084,0.9312
ExactLHS,1.5,0.06,120,800,60181.84914732834,44.49682331085205,45.65416765213013,0.9836
EIFICA,2.0,0.03,30,200,89661.20308959785,2.616593837738037,3.7649683952331543,0.7746
EIFICA,2.0,0.03,30,300,83144.60201982633,2.4465460777282715,3.598367214202881,0.8822
ExactLHS,2.0,0.03,30,200,89669.39576372689,4.8315589427948,6.641873598098755,0.8224
ExactLHS,2.0,0.03,30,300,83152.68962326799,4.611804962158203,5.9455955028533936,0.9316
EIFICA,2.0,0.03,30,400,84825.30344019117,2.6312806606292725,3.8884012699127197,0.7314
ExactLHS,2.0,0.03,30,400,84836.24361352806,4.408759117126465,5.544723033905029,0.8908
EIFICA,2.0,0.03,30,500,84465.05935418792,2.868736743927002,4.059274196624756,0.8468
ExactLHS,1.5,0.06,120,200,67018.97065782268,191.03963708877563,192.78799653053284,0.9842
EIFICA,2.0,0.03,30,600,77229.75600367237,2.736704111099243,3.9601190090179443,0.708
ExactLHS,2.0,0.03,30,500,84466.35757926942,4.630183935165405,5.790326356887817,0.8914
EIFICA,2.0,0.03,30,700,94631.5448963533,2.7232766151428223,3.937467336654663,0.9602
ExactLHS,2.0,0.03,30,600,77238.57331207785,4.610654354095459,5.7612457275390625,0.8634
ExactLHS,2.0,0.03,30,700,94631.88848448759,4.449802875518799,5.574555397033691,0.9776
EIFICA,2.0,0.03,30,800,80414.2486690542,2.5848872661590576,3.7484803199768066,0.8394
EIFICA,2.0,0.03,30,900,77136.90390141757,2.7924602031707764,3.9250071048736572,0.9106
ExactLHS,2.0,0.03,30,800,80431.72897274306,4.712163925170898,5.8589184284210205,0.8584
ExactLHS,2.0,0.03,30,900,77143.90806401541,4.8759894371032715,6.099693298339844,0.8982
ExactLHS,1.5,0.06,120,500,63603.622215198884,145.88325095176697,147.07367420196533,0.9866
EIFICA,2.0,0.03,60,0,96140.42365435508,7.579261779785156,8.815650463104248,0.9478
EIFICA,2.0,0.03,60,100,77186.28866106976,7.03791069984436,8.195650577545166,0.9462
EIFICA,2.0,0.03,60,200,89717.08935840076,6.731655120849609,7.839716672897339,0.9676
EIFICA,2.0,0.03,60,300,83154.06329533247,6.430350065231323,7.679647445678711,0.9634
ExactLHS,2.0,0.03,60,0,96160.70002067105,44.71526908874512,45.84112238883972,0.9696
EIFICA,2.0,0.03,60,400,84831.57552514413,7.098514795303345,8.439406394958496,0.735
ExactLHS,2.0,0.03,60,200,89760.46420532031,44.093090295791626,45.257164478302,0.983
ExactLHS,1.5,0.06,120,700,70941.89870109326,166.88987517356873,168.06376194953918,0.996
ExactLHS,2.0,0.03,60,100,78494.00885392378,55.57269859313965,57.31818103790283,0.9788
EIFICA,2.0,0.03,60,500,84475.80734800102,6.121245622634888,7.864226341247559,0.9014
EIFICA,2.0,0.03,60,600,77247.40191198295,6.968303918838501,8.119730949401855,0.8594
EIFICA,2.0,0.03,60,700,94636.63108943723,8.740057945251465,9.903581619262695,0.974
ExactLHS,2.0,0.03,60,400,84894.60564412666,27.46127676963806,28.60979175567627,0.9284
ExactLHS,2.0,0.03,60,300,84073.79283528756,61.56549096107483,62.71154713630676,0.9912
ExactLHS,2.0,0.03,60,500,84509.10059096426,27.218637704849243,28.95527172088623,0.9442
EIFICA,2.0,0.03,60,800,80458.13696666132,7.3219664096832275,8.613631010055542,0.9076
EIFICA,2.0,0.03,60,900,77156.13307198875,7.364454984664917,8.536478281021118,0.9146
ExactLHS,2.0,0.03,60,600,77287.58864758271,42.98321270942688,44.14448285102844,0.9394
EIFICA,2.0,0.03,90,0,96140.42365820231,17.26238512992859,18.434829711914062,0.9478
ExactLHS,2.0,0.03,60,700,95652.40353339963,41.721126079559326,42.91740703582764,0.9832
ExactLHS,2.0,0.03,60,800,80547.1700421189,48.11736702919006,49.25383901596069,0.9668
ExactLHS,2.0,0.03,60,900,77200.61482179622,43.05706191062927,44.22852277755737,0.929
EIFICA,2.0,0.03,90,100,77200.62734775945,18.588011503219604,19.750199556350708,0.9506
ExactLHS,1.5,0.06,120,900,58116.89869208136,204.54652190208435,206.37563610076904,0.987
EIFICA,2.0,0.03,90,300,83154.06329532001,14.28417706489563,15.598531246185303,0.9634
EIFICA,2.0,0.03,90,200,89717.81195019926,17.005504369735718,18.15721583366394,0.9676
EIFICA,2.0,0.03,90,400,84845.00561397067,16.197500944137573,17.332791566848755,0.935
ExactLHS,2.0,0.03,90,0,96189.07743133999,65.75277256965637,66.97547698020935,0.9734
EIFICA,2.0,0.03,90,500,84482.34586717958,14.329955816268921,15.653197765350342,0.921
EIFICA,2.0,0.03,90,600,77258.71833635285,19.246638536453247,20.370574712753296,0.8592
ExactLHS,2.0,0.03,90,300,83645.86888253428,80.37827777862549,81.51015496253967,0.9896
ExactLHS,2.0,0.03,90,100,77325.81075903079,103.77366900444031,104.97707009315491,0.9728
EIFICA,2.0,0.03,90,700,94638.8354632108,15.577805042266846,16.747692823410034,0.979
ExactLHS,2.0,0.03,90,500,84999.41774329206,68.29185819625854,70.20897054672241,0.972
ExactLHS,2.0,0.03,90,400,84951.64421943539,97.86676335334778,99.18876075744629,0.9712
ExactLHS,2.0,0.03,90,200,90394.83635121513,115.89256501197815,117.22037720680237,0.9906
EIFICA,2.0,0.03,90,800,80490.37026080482,16.24068284034729,17.38647770881653,0.95
EIFICA,2.0,0.03,90,900,77157.2811592274,17.219066858291626,18.370710849761963,0.949
EIFICA,2.0,0.03,120,0,96140.58026273266,31.437244415283203,32.682398080825806,0.9622
ExactLHS,2.0,0.03,90,600,77362.27613578584,81.80358338356018,82.95212244987488,0.9804
ExactLHS,2.0,0.03,90,900,77667.39713074028,40.67639088630676,41.8093147277832,0.9806
ExactLHS,2.0,0.03,90,700,94725.4672667486,76.56725597381592,77.76303052902222,0.9906
EIFICA,2.0,0.03,120,100,77203.06320129415,35.01328229904175,36.151490211486816,0.967
EIFICA,2.0,0.03,120,200,89717.81195035193,29.332005739212036,30.596503257751465,0.9676
ExactLHS,1.5,0.03,90,100,58101.25607773429,1203.1968636512756,1204.5713057518005,0.9846
EIFICA,2.0,0.03,120,300,83155.41029187587,25.051429271697998,26.352223873138428,0.9712
EIFICA,2.0,0.03,120,400,84857.13890826194,30.31148672103882,32.178738832473755,0.944
ExactLHS,2.0,0.03,90,800,80649.08171953903,131.77630949020386,132.95569777488708,0.9836
EIFICA,2.0,0.03,120,500,84524.60829225488,27.787691116333008,28.94765019416809,0.9758
ExactLHS,2.0,0.03,120,0,96222.99247780158,128.60064721107483,129.9214117527008,0.9778
ExactLHS,2.0,0.03,120,300,83543.65332332767,90.07870554924011,91.20172762870789,0.9954
ExactLHS,2.0,0.03,120,200,90271.53474799111,113.61835074424744,114.82483077049255,0.9932
EIFICA,2.0,0.03,120,600,77258.71833393323,32.64873504638672,34.02798628807068,0.8592
EIFICA,2.0,0.03,120,700,94642.46185096627,17.802039623260498,18.97339129447937,0.99
EIFICA,2.0,0.03,120,800,80490.58505111288,31.799720287322998,33.05653429031372,0.9504
ExactLHS,2.0,0.03,120,100,77403.78255053013,182.35223245620728,184.086496591568,0.9824
ExactLHS,2.0,0.03,120,800,80711.71264187824,48.41278052330017,49.57156252861023,0.9882
EIFICA,2.0,0.06,30,0,95769.2807646938,3.8291661739349365,5.030843734741211,0.9484
ExactLHS,2.0,0.06,30,0,96223.5707183097,7.282113075256348,8.478209972381592,0.9458
EIFICA,2.0,0.03,120,900,77159.13403254608,31.552021503448486,32.802313566207886,0.9616
EIFICA,2.0,0.06,30,100,76679.9105619559,3.52022647857666,4.870023488998413,0.5918
EIFICA,2.0,0.06,30,200,89161.81957022147,3.5075433254241943,4.676565647125244,0.7748
ExactLHS,2.0,0.06,30,100,77315.51870198717,8.991724967956543,10.192518472671509,0.9316
ExactLHS,2.0,0.03,120,400,85417.9691655058,159.67955136299133,160.98109459877014,0.9866
ExactLHS,1.5,0.03,120,100,58156.46399187477,1203.5453672409058,1205.4704461097717,0.9958
EIFICA,2.0,0.06,30,300,82803.49509600936,3.5199215412139893,4.827781677246094,0.9114
ExactLHS,2.0,0.06,30,200,89790.9369420555,6.799201250076294,8.081233501434326,0.826
EIFICA,2.0,0.06,30,400,84320.06886114503,3.4858052730560303,5.259391784667969,0.717
ExactLHS,2.0,0.06,30,300,83223.51580096001,7.127864122390747,8.30189061164856,0.88
EIFICA,2.0,0.06,30,500,84116.85856478235,3.4427614212036133,4.564122676849365,0.8474
ExactLHS,2.0,0.03,120,600,77411.48331508107,117.13466334342957,118.94415307044983,0.9824
EIFICA,2.0,0.06,30,600,76749.67241494665,3.682935953140259,4.833099842071533,0.7896
ExactLHS,2.0,0.06,30,400,84954.93601230437,8.233160495758057,9.424353837966919,0.8608
ExactLHS,2.0,0.06,30,500,84546.9665343334,6.373256683349609,7.538139820098877,0.8936
EIFICA,2.0,0.06,30,700,94235.34300585068,3.77455472946167,4.988130331039429,0.961
EIFICA,2.0,0.06,30,800,79961.21055603083,3.8355109691619873,5.020552158355713,0.816
ExactLHS,2.0,0.06,30,600,77352.30801477964,7.775160789489746,8.939688920974731,0.8412
ExactLHS,2.0,0.06,30,700,94730.51134237216,7.470432281494141,8.621342897415161,0.9774
EIFICA,2.0,0.06,30,900,76811.05106833176,4.023903131484985,5.241854667663574,0.8668
ExactLHS,2.0,0.06,30,800,80534.75861590359,7.337839365005493,8.521436929702759,0.8116
ExactLHS,2.0,0.06,30,900,77221.88158504725,6.985715866088867,8.289486169815063,0.9042
EIFICA,2.0,0.06,60,0,95769.28076720075,12.626378297805786,13.773664712905884,0.9484
ExactLHS,2.0,0.03,120,500,84954.4157770487,156.02332472801208,157.8466284275055,0.9934
EIFICA,2.0,0.06,60,100,76684.13223056652,11.835126161575317,13.019188642501831,0.9014
EIFICA,2.0,0.06,60,200,89196.06886190348,10.56300950050354,11.727631568908691,0.963
EIFICA,2.0,0.06,60,300,82807.54951773559,11.441164493560791,12.63010549545288,0.9662
ExactLHS,2.0,0.06,60,0,95926.7254750717,24.255454778671265,25.54095458984375,0.962
ExactLHS,2.0,0.06,60,100,76941.21296642687,23.109373092651367,24.252391815185547,0.9518
EIFICA,2.0,0.06,60,400,84325.08074862605,11.82794737815857,12.983251810073853,0.783
ExactLHS,2.0,0.06,60,300,82830.89442609467,22.461204528808594,23.63214349746704,0.9756
EIFICA,2.0,0.06,60,500,84124.38307669133,10.617592811584473,11.75945496559143,0.8954
ExactLHS,2.0,0.06,60,200,89445.23133814735,26.70745849609375,27.873114585876465,0.977
EIFICA,2.0,0.06,60,600,76763.181247044,12.040886402130127,13.345786809921265,0.9128
ExactLHS,2.0,0.06,60,400,84380.39019368465,22.266037940979004,23.43514609336853,0.9006
EIFICA,2.0,0.06,60,700,94240.89144667434,11.358814001083374,12.682570219039917,0.9792
EIFICA,2.0,0.06,60,800,79988.62448510545,11.061477422714233,12.219709157943726,0.8984
EIFICA,2.0,0.06,60,900,76823.39969126912,11.511691093444824,12.661119222640991,0.8998
ExactLHS,2.0,0.06,60,600,76980.0126356582,24.622512340545654,25.975185871124268,0.9096
ExactLHS,2.0,0.06,60,800,80080.96818358634,22.907106637954712,24.089004039764404,0.9288
ExactLHS,2.0,0.06,60,500,84287.5984652353,47.115652322769165,48.293662548065186,0.931
EIFICA,2.0,0.06,90,0,95769.28079224093,27.00211787223816,28.285163164138794,0.9484
ExactLHS,2.0,0.06,60,900,77287.91229382828,37.179555892944336,38.37747406959534,0.9358
ExactLHS,2.0,0.03,120,900,77577.28844530765,150.9570028781891,152.22680497169495,0.9908
ExactLHS,2.0,0.06,60,700,94426.29291597848,56.93381094932556,58.120463132858276,0.9804
EIFICA,2.0,0.06,90,100,76689.41301283192,24.899165391921997,26.08479380607605,0.904
EIFICA,2.0,0.06,90,300,82807.54951765627,18.502557277679443,20.228650331497192,0.9662
EIFICA,2.0,0.06,90,200,89197.2418788389,24.923282623291016,26.090636253356934,0.9634
EIFICA,2.0,0.06,90,400,84340.39331063634,18.154300928115845,19.456846952438354,0.931
ExactLHS,2.0,0.03,120,700,95115.54131230264,231.51888513565063,232.7521378993988,0.9988
EIFICA,2.0,0.06,90,500,84129.82614136342,18.674979209899902,19.827396392822266,0.9234
EIFICA,2.0,0.06,90,600,76769.89697176973,26.198955059051514,27.924431562423706,0.9492
ExactLHS,2.0,0.06,90,300,83070.30748730796,58.49519419670105,59.82586646080017,0.9836
ExactLHS,2.0,0.06,90,0,95798.00821610115,96.55853128433228,97.72976517677307,0.9456
EIFICA,2.0,0.06,90,700,94242.61786344361,15.732994318008423,16.90296220779419,0.983
ExactLHS,2.0,0.06,90,500,84281.28668647107,56.59609007835388,57.741477489471436,0.9468
ExactLHS,2.0,0.06,90,600,76816.19488281514,39.24870944023132,40.54349970817566,0.9198
EIFICA,2.0,0.06,90,800,80028.68548221985,20.454628705978394,21.80203938484192,0.9664
ExactLHS,2.0,0.06,90,200,89435.46848285924,99.14416122436523,100.50900793075562,0.9768
EIFICA,2.0,0.06,90,900,76824.9453128369,19.866196870803833,21.063195943832397,0.939
ExactLHS,2.0,0.06,90,100,76802.36636641891,120.9169373512268,122.76311874389648,0.9474
ExactLHS,2.0,0.06,90,400,84725.61228544022,86.04429316520691,87.23991823196411,0.938
ExactLHS,2.0,0.06,90,900,77910.51435014332,38.424697160720825,39.60850715637207,0.9866
EIFICA,2.0,0.06,120,0,95770.86809368475,37.20252251625061,38.40634727478027,0.9564
EIFICA,2.0,0.06,120,100,76693.4958429526,34.19592070579529,35.37218642234802,0.9284
ExactLHS,2.0,0.06,90,700,94563.38871209734,77.3720006942749,78.54268717765808,0.988
EIFICA,2.0,0.06,120,200,89197.24082171042,36.09467887878418,37.81671762466431,0.9634
ExactLHS,2.0,0.06,90,800,80178.81532087039,84.81522750854492,85.99204111099243,0.9734
EIFICA,2.0,0.06,120,300,82808.41122241224,40.147404193878174,41.38744902610779,0.9688
EIFICA,2.0,0.06,120,400,84355.29194443193,33.35000681877136,34.628324031829834,0.9426
ExactLHS,2.0,0.06,120,300,82955.06740519144,46.85821485519409,48.078094720840454,0.9836
EIFICA,2.0,0.06,120,500,84170.44917404106,38.02928447723389,39.98107957839966,0.9698
ExactLHS,2.0,0.06,120,100,77532.1973285125,106.86936521530151,108.05793070793152,0.9846
EIFICA,2.0,0.06,120,600,76769.89697182339,37.04827880859375,38.241131067276,0.9492
ExactLHS,2.0,0.06,120,0,95981.29738262479,117.82542061805725,119.04336881637573,0.9786
EIFICA,2.0,0.06,120,700,94246.64569114996,37.71477746963501,38.96065878868103,0.9864
EIFICA,2.0,0.06,120,800,80028.8265173203,31.046854972839355,32.29980516433716,0.968
ExactLHS,2.0,0.06,120,800,80235.03225262418,48.013402700424194,49.78346252441406,0.9778
EIFICA,2.0,0.06,120,900,76826.70184609429,32.43597960472107,33.82124733924866,0.9532
ExactLHS,2.0,0.06,120,200,90006.55124288691,227.55271649360657,228.85326504707336,0.9898
ExactLHS,2.0,0.06,120,600,77536.58254781371,181.57158589363098,182.9282205104828,0.9864
ExactLHS,2.0,0.06,120,400,84697.31515999134,249.50534868240356,250.7416923046112,0.9708
ExactLHS,2.0,0.06,120,500,85142.18488760134,246.1447193622589,247.47020864486694,0.996
ExactLHS,2.0,0.06,120,900,76933.6600644982,230.2720866203308,231.66609573364258,0.965
ExactLHS,2.0,0.06,120,700,94695.11172134567,326.0686719417572,327.39591908454895,0.9942
