method,num_ESS,epsilon,theta,N_WDR,seed,status,obj_value,solve_time,wall_time,satisfied_rate,peak_rss_gib,peak_hwm_gib,peak_vmsize_gib,min_mem_available_gib,memory_samples,network,num_gen,timestamp
CVAR,6,0.03,0.06,50,0,OK,2487153.980899637,126.69344782829285,129.13658261299133,0.95,5.448276519775391,6.412200927734375,14.660465240478516,492.1470375061035,7,case118,38,2026-06-19 07:38:06
CVAR,6,0.03,0.06,80,0,OK,2487153.980990126,169.14263486862183,171.01392436027527,0.9928,5.2920684814453125,9.570205688476562,17.721603393554688,492.3038635253906,8,case118,38,2026-06-19 07:40:58
CVAR,6,0.03,0.06,100,0,OK,2487153.981491781,195.00354170799253,196.8908052444458,0.9932,6.117118835449219,11.669544219970703,19.759315490722656,491.5022964477539,9,case118,38,2026-06-19 07:44:15
CVAR,6,0.03,0.06,150,0,OK,2487153.981080971,306.14461517333984,308.0145525932312,0.9974,14.952152252197266,16.845470428466797,25.38345718383789,482.6314353942871,13,case118,38,2026-06-19 07:49:24
CVAR,6,0.03,0.06,200,0,OK,2487153.9809037843,455.9507567882538,457.8233082294464,0.9978,18.29123306274414,22.043922424316406,28.20099639892578,479.2404022216797,18,case118,38,2026-06-19 07:57:02
CVAR,6,0.03,0.06,250,0,OK,2487153.983220307,571.4720106124878,573.3208584785461,0.9978,22.50354766845703,27.24230194091797,33.187156677246094,475.0122947692871,22,case118,38,2026-06-19 08:06:36
CVAR,6,0.03,0.06,300,0,OK,2487153.9827019675,711.9437413215637,713.7870907783508,0.998,29.88772964477539,32.432273864746094,42.53227615356445,467.6537551879883,26,case118,38,2026-06-19 08:18:31
CVAR,6,0.05,0.1,50,0,OK,2487153.9813853875,122.5585994720459,124.4013340473175,0.9494,6.244892120361328,32.432273864746094,16.09168243408203,491.3057861328125,7,case118,38,2026-06-19 08:20:37
CVAR,6,0.05,0.1,80,0,OK,2487153.9809001046,165.8031063079834,167.6473617553711,0.9922,5.350688934326172,32.432273864746094,17.762088775634766,492.1986045837402,8,case118,38,2026-06-19 08:23:25
CVAR,6,0.05,0.1,100,0,OK,2487153.981602153,194.18929958343503,196.01769852638245,0.9932,6.166007995605469,32.432273864746094,19.84971618652344,491.37871170043945,9,case118,38,2026-06-19 08:26:42
CVAR,6,0.05,0.1,150,0,OK,2487153.9808970587,301.2050793170929,303.0869469642639,0.9976,15.62710189819336,32.432273864746094,27.237564086914062,481.9039192199707,13,case118,38,2026-06-19 08:31:45
CVAR,6,0.05,0.1,200,0,OK,2487153.9808995263,406.9842147827149,408.82404470443726,0.9978,18.30414581298828,32.432273864746094,28.200973510742188,479.2307548522949,16,case118,38,2026-06-19 08:38:35
CVAR,6,0.05,0.1,250,0,OK,2487153.981458739,544.439005613327,546.2661828994751,0.9978,24.10943984985352,32.432273864746094,34.82421112060547,473.4018058776856,21,case118,38,2026-06-19 08:47:42
CVAR,6,0.05,0.1,300,0,OK,2487153.9809400067,714.1973037719727,716.0385794639587,0.9978,30.929344177246094,32.46607208251953,42.563358306884766,466.5515480041504,26,case118,38,2026-06-19 08:59:39
CVAR,6,0.08,0.12,50,0,OK,2483609.545513852,126.16063380241394,127.9906885623932,0.9436,6.090503692626953,32.46607208251953,16.095314025878906,491.4163780212402,7,case118,38,2026-06-19 09:01:49
CVAR,6,0.08,0.12,80,0,OK,2483609.545522356,159.77705883979797,161.6184642314911,0.9904,5.353302001953125,32.46607208251953,17.751968383789062,492.17272567749023,8,case118,38,2026-06-19 09:04:30
CVAR,6,0.08,0.12,100,0,OK,2483609.5455262675,198.21077871322632,200.0428502559662,0.9914,6.143535614013672,32.46607208251953,19.7771110534668,491.3987922668457,9,case118,38,2026-06-19 09:07:51
CVAR,6,0.08,0.12,150,0,OK,2483609.5454896456,298.9550077915192,300.7913470268249,0.9968,15.629192352294922,32.46607208251953,27.237564086914062,481.8816032409668,13,case118,38,2026-06-19 09:12:52
CVAR,6,0.08,0.12,200,0,OK,2483609.545513816,418.2668330669403,420.118022441864,0.9978,18.37833404541016,32.46607208251953,28.230152130126957,479.1190299987793,17,case118,38,2026-06-19 09:19:53
CVAR,6,0.08,0.12,250,0,OK,2483609.5455285134,569.7858922481537,571.6388947963715,0.9976,23.087329864501957,32.46607208251953,34.85854721069336,474.3866157531738,22,case118,38,2026-06-19 09:29:26
CVAR,6,0.08,0.12,300,0,OK,2483609.5455169976,740.2284922599792,742.0888271331787,0.9976,29.89087677001953,32.46607208251953,42.5310173034668,467.5817451477051,27,case118,38,2026-06-19 09:41:49
CVAR,6,0.1,0.15,50,0,OK,2483609.5454972885,125.97798538208008,127.84117031097412,0.9456,6.0980072021484375,32.46607208251953,16.102581024169922,491.4077835083008,7,case118,38,2026-06-19 09:43:58
CVAR,6,0.1,0.15,80,0,OK,2483609.54548571,161.9944188594818,163.85041785240173,0.9912,5.33355712890625,32.46607208251953,17.747150421142578,492.1894912719727,8,case118,38,2026-06-19 09:46:42
CVAR,6,0.1,0.15,100,0,OK,2483609.5457656025,197.80109167099,199.66100430488584,0.9918,6.146881103515625,32.46607208251953,19.783367156982425,491.4073066711426,9,case118,38,2026-06-19 09:50:03
CVAR,6,0.1,0.15,150,0,OK,2483609.545493199,295.8983736038208,297.7893228530884,0.9968,15.00629425048828,32.46607208251953,25.39185333251953,482.4872550964356,12,case118,38,2026-06-19 09:55:01
CVAR,6,0.1,0.15,200,0,OK,2483609.545619877,424.5305435657501,426.377703666687,0.9978,20.28531646728516,32.46607208251953,30.18058013916016,477.1779022216797,17,case118,38,2026-06-19 10:02:08
CVAR,6,0.1,0.15,250,0,OK,2483609.545562653,546.6248025894165,548.4502909183502,0.9976,24.119037628173828,32.46607208251953,34.834964752197266,473.3726348876953,21,case118,38,2026-06-19 10:11:17
CVAR,6,0.1,0.15,300,0,OK,2483609.546705328,748.4806253910065,750.3488314151764,0.9976,31.476367950439453,32.525672912597656,42.544410705566406,466.0005836486816,28,case118,38,2026-06-19 10:23:49
EIFICA,6,0.03,0.06,50,0,OK,2487150.8640216724,94.97704720497131,96.89362573623656,0.3438,2.618759155273437,32.525672912597656,12.095870971679688,494.9235420227051,6,case118,38,2026-06-19 10:25:28
EIFICA,6,0.03,0.06,80,0,OK,2487150.864008108,107.4347231388092,109.43414187431335,0.36,3.3503341674804688,32.525672912597656,12.76358413696289,494.2044677734375,6,case118,38,2026-06-19 10:27:17
EIFICA,6,0.03,0.06,100,0,OK,2487151.449218972,109.60855412483215,111.49174332618712,0.5098,3.853126525878906,32.525672912597656,13.624637603759766,493.69189071655273,6,case118,38,2026-06-19 10:29:09
EIFICA,6,0.03,0.06,150,0,OK,2487151.449218968,123.68812394142152,125.56593799591064,0.5142,5.263278961181641,32.525672912597656,15.354068756103516,492.2838134765625,7,case118,38,2026-06-19 10:31:15
EIFICA,6,0.03,0.06,200,0,OK,2487153.980904421,139.869690656662,141.85538625717163,0.9922,11.49416732788086,32.525672912597656,27.51718139648437,486.04723358154297,7,case118,38,2026-06-19 10:33:38
EIFICA,6,0.03,0.06,250,0,OK,2487153.9809053075,152.83042907714844,154.66725325584412,0.992,8.649089813232422,32.525672912597656,32.39178466796875,488.9026184082031,8,case118,38,2026-06-19 10:36:13
EIFICA,6,0.03,0.06,300,0,OK,2487153.9808960967,169.08927536010742,170.9390892982483,0.9968,22.62304306030273,32.525672912597656,36.45035171508789,474.9166641235352,8,case118,38,2026-06-19 10:39:05
EIFICA,6,0.05,0.1,50,0,OK,2487150.864008652,102.62174487113953,104.45268416404724,0.345,3.9222640991210938,32.525672912597656,15.048503875732422,493.65555572509766,6,case118,38,2026-06-19 10:40:50
EIFICA,6,0.05,0.1,80,0,OK,2487153.9809081587,105.10101318359376,106.94487309455872,0.9842,3.238788604736328,32.525672912597656,12.648399353027344,494.3524856567383,6,case118,38,2026-06-19 10:42:38
EIFICA,6,0.05,0.1,100,0,OK,2487153.9809686183,111.40102577209473,113.23858880996704,0.9842,3.79464340209961,32.525672912597656,13.548118591308594,493.7859230041504,6,case118,38,2026-06-19 10:44:31
EIFICA,6,0.05,0.1,150,0,OK,2487153.98089877,126.54783177375792,128.37156891822815,0.9782,5.197696685791016,32.525672912597656,15.2813720703125,492.3941459655762,7,case118,38,2026-06-19 10:46:40
EIFICA,6,0.05,0.1,200,0,OK,2487153.9809218524,144.7125370502472,146.53485941886902,0.9982,11.53009033203125,32.525672912597656,27.546375274658203,486.0519981384277,7,case118,38,2026-06-19 10:49:07
EIFICA,6,0.05,0.1,250,0,OK,2487153.9809048907,157.0014202594757,158.8157618045807,0.998,8.2095947265625,32.525672912597656,32.43050765991211,489.37703704833984,8,case118,38,2026-06-19 10:51:47
EIFICA,6,0.05,0.1,300,0,OK,2487153.980900141,174.8314974308014,176.68670558929443,0.9982,18.78427124023437,32.525672912597656,36.323638916015625,478.7799072265625,8,case118,38,2026-06-19 10:54:44
EIFICA,6,0.08,0.12,50,0,OK,2483607.6689025555,96.4655704498291,98.29675269126892,0.4744,3.898880004882813,32.525672912597656,15.032665252685549,493.7049064636231,6,case118,38,2026-06-19 10:56:23
EIFICA,6,0.08,0.12,80,0,OK,2483609.545489102,106.55990242958067,108.38345289230348,0.9826,3.204044342041016,32.525672912597656,12.626628875732422,494.3865165710449,6,case118,38,2026-06-19 10:58:12
EIFICA,6,0.08,0.12,100,0,OK,2483609.5455233767,113.54313635826112,115.3541135787964,0.9854,3.739925384521485,32.525672912597656,13.51706314086914,493.8752632141113,6,case118,38,2026-06-19 11:00:08
EIFICA,6,0.08,0.12,150,0,OK,2483609.5454879887,128.96620750427246,130.77299785614014,0.9962,5.134960174560547,32.525672912597656,15.220829010009766,492.4674415588379,7,case118,38,2026-06-19 11:02:19
EIFICA,6,0.08,0.12,200,0,OK,2483609.545568139,145.91017055511475,147.7159514427185,0.9974,11.549869537353516,32.525672912597656,27.57626724243164,486.04365158081055,7,case118,38,2026-06-19 11:04:47
EIFICA,6,0.08,0.12,250,0,OK,2483609.545535949,162.99583435058594,164.81364583969116,0.998,7.847774505615234,32.525672912597656,26.55913543701172,489.7469596862793,8,case118,38,2026-06-19 11:07:33
EIFICA,6,0.08,0.12,300,0,OK,2483609.545482736,179.89147663116455,181.71412897109985,0.998,23.954761505126957,32.525672912597656,36.27047348022461,473.6060371398926,9,case118,38,2026-06-19 11:10:35
EIFICA,6,0.1,0.15,50,0,OK,2483607.6689638505,98.01483654975893,99.83170914649963,0.4912,3.865131378173828,32.525672912597656,15.010238647460938,493.7401657104492,6,case118,38,2026-06-19 11:12:16
EIFICA,6,0.1,0.15,80,0,OK,2483609.5454932074,108.33743476867676,110.15271711349487,0.982,3.1982879638671875,32.525672912597656,12.62662124633789,494.4068908691406,6,case118,38,2026-06-19 11:14:07
EIFICA,6,0.1,0.15,100,0,OK,2483609.545513541,116.09364628791808,117.9281873703003,0.9868,3.7337646484375,32.525672912597656,13.537223815917969,493.8883972167969,6,case118,38,2026-06-19 11:16:05
EIFICA,6,0.1,0.15,150,0,OK,2483609.545501993,133.49843192100525,135.41486406326294,0.9948,5.138553619384766,32.525672912597656,15.22834014892578,492.4762954711914,7,case118,38,2026-06-19 11:18:21
EIFICA,6,0.1,0.15,200,0,OK,2483609.5454937057,151.95673036575317,153.85876059532166,0.9972,11.493736267089844,32.525672912597656,27.538982391357425,486.0817108154297,8,case118,38,2026-06-19 11:20:55
EIFICA,6,0.1,0.15,250,0,OK,2483609.54549497,168.59132313728333,170.5725588798523,0.997,7.820087432861328,32.525672912597656,18.18346405029297,489.7745361328125,8,case118,38,2026-06-19 11:23:47
EIFICA,6,0.1,0.15,300,0,OK,2483609.545491447,185.53307676315308,187.3652467727661,0.9978,22.00134658813477,32.525672912597656,36.22371673583984,475.5598106384277,9,case118,38,2026-06-19 11:26:55
FICA,6,0.03,0.06,50,0,OK,2487153.9808957707,98.99097084999084,100.84007048606873,0.9406,5.772251129150391,32.525672912597656,15.107585906982422,491.8244094848633,6,case118,38,2026-06-19 11:28:37
FICA,6,0.03,0.06,80,0,OK,2487153.9808980823,117.04763746261597,119.02575993537904,0.9844,3.320499420166016,32.525672912597656,12.682598114013672,494.29174041748047,6,case118,38,2026-06-19 11:30:36
FICA,6,0.03,0.06,100,0,OK,2487153.9809002355,123.8961398601532,125.7304871082306,0.9894,3.87075424194336,32.525672912597656,13.586963653564451,493.7367630004883,7,case118,38,2026-06-19 11:32:43
FICA,6,0.03,0.06,150,0,OK,2487153.98099103,145.56765246391296,147.42976355552673,0.9942,5.272720336914063,32.525672912597656,15.295440673828123,492.3115539550781,7,case118,38,2026-06-19 11:35:10
FICA,6,0.03,0.06,200,0,OK,2487153.9811425414,797.031920671463,799.4646604061127,0.9978,231.93170547485352,231.93202590942383,439.0461730957031,265.17534255981445,29,case118,38,2026-06-19 11:56:30
FICA,6,0.03,0.06,250,0,OK,2487153.981381168,1123.8301286697388,1126.2734515666962,0.9982,291.62618255615234,291.62618255615234,550.7829971313477,205.31743240356445,40,case118,38,2026-06-19 13:46:24
FICA,6,0.03,0.06,300,0,OK,2487153.98117645,1253.469256401062,1255.3551151752472,0.9982,356.33058166503906,356.33058166503906,670.1040954589844,140.47874450683594,44,case118,38,2026-06-19 14:07:20
FICA,6,0.05,0.1,50,0,OK,2487153.9809224405,103.87814140319824,105.73987865447998,0.9466,2.37274169921875,356.33058166503906,11.846664428710938,495.0882759094238,6,case118,38,2026-06-19 14:09:07
FICA,6,0.05,0.1,80,0,OK,2487153.9808957106,117.70185589790344,119.56174421310425,0.9878,3.2235450744628906,356.33058166503906,12.728946685791016,494.239688873291,6,case118,38,2026-06-19 14:11:07
FICA,6,0.05,0.1,100,0,OK,2487153.9810194825,126.2752902507782,128.12567853927612,0.9904,3.797504425048828,356.33058166503906,13.64358139038086,493.68799209594727,7,case118,38,2026-06-19 14:13:15
FICA,6,0.05,0.1,150,0,OK,2487153.980967245,147.88128304481506,149.71137690544128,0.9968,14.075531005859375,356.33058166503906,24.30615234375,483.39293670654297,7,case118,38,2026-06-19 14:15:45
FICA,6,0.05,0.1,200,0,OK,2487153.981165978,756.9416306018829,758.7670812606812,0.9982,243.33636856079102,356.33058166503906,460.21501541137695,253.77096557617188,28,case118,38,2026-06-19 14:28:25
FICA,6,0.05,0.1,250,0,OK,2487153.981262651,1008.8636360168457,1010.6887392997742,0.9982,301.3447151184082,356.33058166503906,577.8119850158691,195.5806121826172,36,case118,38,2026-06-19 14:45:16
FICA,6,0.05,0.1,300,0,OK,2487153.9810995297,1351.843254327774,1353.6684954166412,0.9982,373.83813095092773,373.83813095092773,702.7409858703613,122.99060821533203,48,case118,38,2026-06-19 15:07:51
FICA,6,0.08,0.12,50,0,OK,2483609.5455196854,103.68171286582947,105.49680972099304,0.9434,3.572601318359375,373.83813095092773,15.115032196044922,493.92751693725586,6,case118,38,2026-06-19 15:09:38
FICA,6,0.08,0.12,80,0,OK,2483609.5455361274,116.20981812477112,118.01904964447021,0.989,3.2834930419921875,373.83813095092773,12.747600555419922,494.2328338623047,6,case118,38,2026-06-19 15:11:36
FICA,6,0.08,0.12,100,0,OK,2483609.545497957,125.60843420028687,127.50653505325317,0.9906,3.8548049926757812,373.83813095092773,13.656578063964844,493.6743469238281,7,case118,38,2026-06-19 15:13:44
FICA,6,0.08,0.12,150,0,OK,2483609.5454837056,147.72000193595886,149.5181815624237,0.997,5.247486114501953,373.83813095092773,15.373771667480469,492.2973747253418,7,case118,38,2026-06-19 15:16:14
FICA,6,0.08,0.12,200,0,OK,2483609.5466750734,842.1262328624725,843.9639599323273,0.997,260.44134521484375,373.83813095092773,492.1591339111328,236.6328239440918,31,case118,38,2026-06-19 15:30:18
FICA,6,0.08,0.12,250,0,OK,2483609.554621788,1114.1244931221008,1116.1572415828705,0.9978,329.36029052734375,373.83813095092773,621.030517578125,167.58875274658203,40,case118,38,2026-06-19 15:48:56
FICA,6,0.08,0.12,300,0,OK,2483609.547126814,1453.9472241401672,1455.79838347435,0.998,400.25077056884766,400.2509231567383,752.2116966247559,96.6028938293457,51,case118,38,2026-06-19 16:13:12
FICA,6,0.1,0.15,50,0,OK,2483609.545493569,103.77190852165222,105.62029790878296,0.947,3.9620094299316406,400.2509231567383,15.121898651123047,493.5640411376953,6,case118,38,2026-06-19 16:14:59
FICA,6,0.1,0.15,80,0,OK,2483609.545538406,118.94986081123352,120.82795834541321,0.987,3.3317832946777344,400.2509231567383,12.78158950805664,494.18999099731445,7,case118,38,2026-06-19 16:17:00
FICA,6,0.1,0.15,100,0,OK,2483609.545639471,128.57969880104065,130.58148503303528,0.9918,3.8891258239746094,400.2509231567383,13.668342590332031,493.6232566833496,7,case118,38,2026-06-19 16:19:11
FICA,6,0.1,0.15,150,0,OK,2483609.5455018133,150.10637021064758,151.97272992134094,0.997,5.338207244873047,400.2509231567383,15.476539611816406,492.1788101196289,8,case118,38,2026-06-19 16:21:44
FICA,6,0.1,0.15,200,0,OK,2483609.547209672,826.6912219524384,828.5467104911804,0.9978,250.24796676635742,400.2509231567383,513.6921653747559,246.87960052490234,30,case118,38,2026-06-19 16:35:33
FICA,6,0.1,0.15,250,0,OK,2483609.5523616276,1179.5042915344238,1181.3346977233887,0.9978,343.9744529724121,400.2509231567383,648.3906936645508,152.9451560974121,42,case118,38,2026-06-19 16:55:15
FICA,6,0.1,0.15,300,0,OK,2483609.5482950304,1472.403503894806,1474.2371082305908,0.998,418.0610122680664,418.06102752685547,785.5179214477539,78.76382827758789,52,case118,38,2026-06-19 17:19:50
